Accession,C_VM_R1,C_VM_R2,C_VM_R3,C_PIN_R1,C_PIN_R2,C_PIN_R3,C_RM_R1,C_RM_R2,C_RM_R3,P_VM_R1,P_VM_R2,P_VM_R3,P_PIN_R1,P_PIN_R2,P_PIN_R3,P_RM_R1,P_RM_R2,P_RM_R3,F1_VM_R1,F1_VM_R2,F1_VM_R3,F1_PIN_R1,F1_PIN_R2,F1_PIN_R3,F1_RM_R1,F1_RM_R2,F1_RM_R3
A0A290WKX8,0.0,0.0,0.0,0.0,0.0,0.0,0.0,0.0,0.0,0.0,0.0,0.0,0.0,0.0,0.0,0.06734,0.0,0.0,0.0,0.0,0.0,0.0,0.0,0.0,0.0,0.0,0.0
A0A3Q7E7D4,0.0,0.0,0.0,0.0,0.0,0.0,0.0,0.0,0.0,0.0,0.0,0.0,0.08794,0.0,0.0,0.03154,0.0,0.0,0.0,0.0,0.0,0.0,0.0,0.0,0.0,0.0,0.0
A0A3Q7E824,0.0,0.0,0.0,0.0,0.0,0.0,0.0,0.0,0.0,0.0,0.0,0.0,0.0,0.0,0.0,0.0,0.0,0.0,0.0,0.0,0.0,0.14739,0.07369,0.0,0.0,0.0,0.0
A0A3Q7E8A8,0.0,0.97892,0.97892,0.0,0.0,0.0,0.24888,0.0,2.5346,0.0,0.0,0.0,0.1044,0.36487,0.0,0.15079,0.28719,0.0,0.78771,0.78771,0.78771,0.62086,0.31043,0.0,0.0,0.0,0.0
A0A3Q7E8I1,0.0,0.0,0.0,0.0,0.0,0.0,0.29195,0.0,0.0,0.0,0.0,0.0,0.09778,0.0,0.0,0.29492,0.20655,0.0,0.0,0.0,0.0,0.12749,0.06374,0.0,0.0,0.0,0.0
A0A3Q7E8T9,0.0,0.0,0.0,0.0,0.0,0.0,0.0,0.0,0.0,0.0,0.0,0.0,0.38731,0.59502,0.0,1.22699,0.83506,0.0,0.0,0.0,0.0,0.0,0.51741,1.03481,0.0,0.0,0.0
A0A3Q7E8W8,0.0,0.26097,0.26097,0.0,0.0,0.0,0.0,0.0,0.0,0.0,0.0,0.0,0.07409,0.0,0.0,0.1006,0.12868,0.0,0.35295,0.35295,0.35295,0.0,0.0,0.0,0.0,0.0,0.0
A0A3Q7E908,0.0,0.0,0.0,0.0,0.0,0.0,0.27999,0.0,0.0,0.0,0.0,0.0,0.0,0.0,0.0,0.0,0.0,0.0,0.0,0.0,0.0,0.0,0.0,0.0,0.0,0.0,0.0
A0A3Q7E9H0,0.0,0.0,0.0,0.0,0.0,0.0,0.0,0.0,0.0,0.0,0.0,0.0,0.19436,0.0,0.0,0.0,0.0,0.0,0.0,0.0,0.0,0.0,0.0,0.0,0.0,0.0,0.0
A0A3Q7E9J6,0.0,0.0,0.0,0.0,0.0,0.0,0.0,0.0,0.0,0.0,0.0,0.0,0.0,0.0,0.0,0.0244,0.0,0.0,0.0,0.0,0.0,0.0,0.0,0.0,0.0,0.0,0.0
A0A3Q7E9M8,0.0,0.0,0.0,0.0,0.0,0.0,0.0,0.0,0.0,0.0,0.0,0.0,0.0,0.0,0.0,0.10717,0.0,0.0,0.0,0.0,0.0,0.0,0.0,0.0,0.0,0.0,0.0
A0A3Q7E9U3,0.0,0.0,0.0,0.0,0.0,0.0,0.0,0.0,0.0,0.0,0.0,0.0,0.0,0.0,0.0,0.06734,0.0,0.0,0.0,0.0,0.0,0.0,0.0,0.0,0.0,0.0,0.0
A0A3Q7EA02,0.0,0.0,0.0,0.0,0.0,0.0,0.0,0.0,0.0,0.0,0.0,0.0,0.15621,0.0,0.0,0.12132,0.29823,0.0,0.0,0.0,0.0,0.0,0.0,0.0,0.0,0.0,0.0
A0A3Q7EA80,0.0,0.0,0.0,0.0,0.0,0.0,0.0,0.0,0.0,0.0,0.0,0.0,0.09396,0.0,0.0,0.0,0.0,0.0,0.0,0.0,0.0,0.0,0.0,0.0,0.0,0.0,0.0
A0A3Q7EB31,0.36062,0.0,0.0,0.0,0.0,1.82551,0.25845,0.0,0.0,0.0,0.0,0.0,0.21162,0.3789,0.0,0.20006,0.18446,0.0,0.0,0.0,0.0,0.36872,0.18436,0.0,0.0,0.0,0.0
A0A3Q7ECG0,0.52306,0.29009,0.29009,0.0,0.0,0.0,0.12396,0.0,0.59465,0.47267,0.0,0.0,0.09959,0.0,0.0,0.24887,0.18446,0.0,0.1848,0.1848,0.1848,0.3218,0.2688,0.2158,0.0,0.0,0.0
A0A3Q7EFC3,0.0,0.0,0.0,0.0,0.0,0.0,0.0,0.0,0.0,0.0,0.0,0.0,0.09778,0.0,0.0,0.04305,0.0,0.0,0.0,0.0,0.0,0.17725,0.08862,0.0,0.0,0.0,0.0
A0A3Q7EGI1,0.0,0.0,0.0,0.0,0.0,0.0,0.0,0.0,0.0,0.0,0.0,0.0,0.0,0.0,0.0,0.01623,0.0,0.0,0.0,0.0,0.0,0.0,0.0,0.0,0.0,0.0,0.0
A0A3Q7EGK8,0.08771,1.04276,1.04276,0.0,0.0,2.18452,1.30566,0.0,0.0,1.15589,0.0,0.0,0.83908,6.31508,0.0,0.71335,4.97064,13.92878,0.0,0.0,0.0,0.44124,0.22062,0.0,0.0,0.0,0.0
A0A3Q7EGV4,0.0,0.0,0.0,0.0,0.0,0.0,0.0,0.0,0.0,0.0,0.0,0.0,0.13412,0.46871,0.0,0.0,0.0,0.0,0.0,0.0,0.0,0.0,0.0,0.0,0.0,0.0,0.0
A0A3Q7EH12,0.0,0.0,0.0,0.0,0.0,0.0,0.0,0.0,0.0,0.0,0.0,0.0,0.0,0.0,0.0,0.13284,0.0,0.0,0.0,0.0,0.0,0.0,0.0,0.0,0.0,0.0,0.0
A0A3Q7EH43,0.0,0.0,0.0,0.0,0.0,0.0,0.0,0.0,0.0,0.0,0.0,0.0,0.0,0.0,0.0,0.01427,0.0,0.0,0.1227,0.1227,0.1227,0.03838,0.01919,0.0,0.0,0.0,0.0
A0A3Q7EHH5,0.0,0.0,0.0,0.0,0.0,0.0,0.0,0.0,0.0,0.0,0.0,0.0,0.0,0.0,0.0,0.0,0.0,0.0,0.0,0.0,0.0,0.04218,0.02109,0.0,0.0,0.0,0.0
A0A3Q7EHP2,0.0,0.0,0.0,0.0,0.0,0.0,0.37236,0.0,0.0,0.0,0.0,0.0,0.15621,0.0,0.0,0.14262,0.0,0.0,0.0,0.0,0.0,0.36872,0.18436,0.0,0.0,0.0,0.0
A0A3Q7EHP3,0.0,0.0,0.0,0.0,0.0,0.0,0.0,0.0,0.0,0.0,0.0,0.0,0.09396,0.0,0.0,0.18533,0.0,0.0,0.0,0.0,0.0,0.0,0.0,0.0,0.0,0.0,0.0
A0A3Q7EHY3,0.0,0.0,0.0,0.0,0.0,0.0,0.0,0.0,0.0,0.0,0.0,0.0,0.01546,0.0,0.0,0.01358,0.0,0.0,0.0,0.0,0.0,0.11848,0.05924,0.0,0.0,0.0,0.0
A0A3Q7EHY8,0.0,0.0,0.0,0.0,0.0,0.0,0.0,0.0,0.0,0.0,0.0,0.0,0.0,0.0,0.0,0.14688,0.0,0.0,0.0,0.0,0.0,0.0,0.0,0.0,0.0,0.0,0.0
A0A3Q7EIK2,0.0,0.0,0.0,0.0,0.0,0.0,0.0,0.0,0.0,0.0,0.0,0.0,0.0,0.0,0.0,0.13284,0.0,0.0,0.0,0.0,0.0,0.0,0.0,0.0,0.0,0.0,0.0
A0A3Q7EIZ7,0.0,0.0,0.0,0.0,0.0,0.0,0.0,0.0,0.0,0.0,0.0,0.0,0.0,0.0,0.0,0.02256,0.0,0.0,0.0,0.0,0.0,0.0,0.0,0.0,0.0,0.0,0.0
A0A3Q7EJA6,0.26965,0.0,0.0,0.0,0.0,0.0,0.10146,0.0,0.0,0.0,0.0,0.0,0.0,0.0,0.0,0.03361,0.0,0.0,0.0,0.0,0.0,0.13839,0.0692,0.0,0.0,0.0,0.0
A0A3Q7EJL3,0.30701,0.0,0.0,0.0,0.0,1.37265,0.12396,0.0,0.0,0.0,0.0,0.0,0.0,0.69816,0.0,0.0,0.14304,6.17893,0.0,0.0,0.0,0.12275,0.06137,0.0,0.0,0.0,0.0
A0A3Q7EJP1,0.0,0.0,0.0,0.0,0.0,0.0,0.0,0.0,0.0,0.0,0.0,0.0,0.54774,0.0,0.0,0.0,0.0,0.0,0.0,0.0,0.0,0.0,0.0,0.0,0.0,0.0,0.0
A0A3Q7EK01,0.0,0.0,0.0,0.0,0.0,0.0,0.0,0.0,0.0,0.0,0.0,0.0,0.0,0.0,0.0,0.0,0.0,0.0,0.0,0.0,0.0,0.06113,0.03056,0.0,0.0,0.0,0.0
A0A3Q7EK26,0.0,0.0,0.0,0.0,0.0,0.0,0.0,0.0,0.0,0.0,0.0,0.0,0.54774,0.0,0.0,0.0,0.0,0.0,0.0,0.0,0.0,0.0,0.0,0.0,0.0,0.0,0.0
A0A3Q7EKG5,0.0,0.0,0.0,0.0,0.0,0.0,0.06939,0.0,0.0,0.0,0.0,0.0,0.0,0.0,0.0,0.0358,0.0,0.0,0.0,0.0,0.0,0.0,0.0,0.0,0.0,0.0,0.0
A0A3Q7EKI7,0.0,0.0,0.0,0.0,0.0,0.0,0.0,0.0,0.0,0.0,0.0,0.0,0.0,0.0,0.0,0.01841,0.0,0.0,0.0,0.0,0.0,0.0,0.0,0.0,0.0,0.0,0.0
A0A3Q7EKQ6,0.0,0.0,0.0,0.0,0.0,0.0,0.0,0.0,0.0,0.0,0.0,0.0,0.03794,0.0,0.0,0.06734,0.0,0.0,0.0,0.0,0.0,0.0,0.0,0.0,0.0,0.0,0.0
A0A3Q7ELA6,0.0,0.0,0.0,0.0,0.0,0.0,0.0,0.0,0.0,0.0,0.0,0.0,0.0,0.0,0.0,0.03361,0.0,0.0,0.0,0.0,0.0,0.0,0.0,0.0,0.0,0.0,0.0
A0A3Q7ELT8,0.0,0.35617,0.35617,0.0,0.0,0.0,0.35321,0.0,0.0,0.0,0.0,0.0,0.08935,0.0,0.0,0.06734,0.0,0.0,0.48171,0.48171,0.48171,0.51612,0.25806,0.0,0.0,0.0,0.0
A0A3Q7EM11,1.21507,1.62182,1.62182,0.0,0.0,1.09812,0.42883,0.0,1.42327,1.0012,0.0,20.28985,1.00293,1.01602,0.0,0.66915,0.49485,0.0,3.27506,3.27506,3.27506,1.22941,1.63536,2.04132,0.0,0.0,0.0
A0A3Q7EM80,0.0,0.0,0.0,0.0,0.0,0.0,0.0,0.0,0.0,0.0,0.0,0.0,0.0,0.0,0.0,0.07482,0.0,0.0,0.0,0.0,0.0,0.0,0.0,0.0,0.0,0.0,0.0
A0A3Q7EMN1,0.0,0.0,0.0,0.0,0.0,0.0,0.27999,0.0,0.0,0.0,0.0,0.0,0.0,0.0,0.0,0.17405,0.0,0.0,0.0,0.0,0.0,0.0,0.0,0.0,0.0,0.0,0.0
A0A3Q7EMP9,0.0,0.0,0.0,0.0,0.0,0.0,0.0,0.0,0.0,0.0,0.0,0.0,0.08533,0.0,0.0,0.4517,0.23472,0.0,0.0,0.0,0.0,0.0,0.0,0.0,0.0,0.0,0.0
A0A3Q7EMV9,0.0,0.0,0.0,0.0,0.0,0.0,0.0,0.0,0.0,0.0,0.0,0.0,0.0,0.0,0.0,0.0,0.14304,0.0,0.0,0.0,0.0,0.0,0.0,0.0,0.0,0.0,0.0
A0A3Q7EMX2,0.22092,1.04276,1.04276,0.0,0.0,0.0,0.0,0.0,0.0,0.0,0.0,0.0,0.54774,1.91417,0.0,0.19373,0.51418,0.0,0.0,0.0,0.0,0.79764,1.22225,1.64685,0.0,0.0,0.0
A0A3Q7EN73,0.0,0.0,0.0,0.0,0.0,0.0,0.0,0.0,0.0,0.0,0.0,0.0,0.0,0.0,0.0,0.00702,0.0,0.0,0.0,0.0,0.0,0.0,0.0,0.0,0.0,0.0,0.0
A0A3Q7ENA3,0.0,0.0,0.0,0.0,0.0,0.68515,0.13975,0.0,0.4338,0.0,0.0,0.0,0.0,0.09542,0.0,0.26476,0.07511,0.0,0.0,0.0,0.0,0.0,0.07871,0.15743,0.0,0.0,0.0
A0A3Q7ENE9,0.0,0.0,0.0,0.0,0.0,0.0,0.18618,0.0,0.0,0.0,0.0,0.0,0.04919,0.0,0.0,0.0282,0.13531,0.0,0.0,0.0,0.0,0.18436,0.09218,0.0,0.0,0.0,0.0
A0A3Q7ENL9,0.0,0.0,0.0,0.0,0.0,0.0,0.72366,0.0,0.0,0.0,0.0,0.0,0.30359,0.0,0.0,0.0,0.0,0.0,0.0,0.0,0.0,0.0,0.0,0.0,0.0,0.0,0.0
A0A3Q7ENP1,0.0,1.04276,1.04276,0.0,0.0,0.0,0.44559,0.0,0.0,0.0,0.0,0.0,0.54774,0.0,0.0,0.19373,0.92951,0.0,0.0,0.0,0.0,0.44124,0.22062,0.0,0.0,0.0,0.0
A0A3Q7ENV3,0.0,0.34049,0.34049,0.0,0.0,0.71331,0.3355,0.0,0.0,0.0,0.0,0.0,0.28592,0.49187,0.0,0.11868,0.23472,0.0,0.0,0.0,0.0,0.40711,0.6962,0.98528,0.0,0.0,0.0
A0A3Q7ENY7,0.0,0.1624,0.1624,0.0,0.0,0.0,0.0,0.0,0.0,0.0,0.0,0.0,0.02911,0.0,0.0,0.05767,0.0,0.0,0.0,0.0,0.0,0.0,0.0,0.0,0.0,0.0,0.0
A0A3Q7EP54,0.0,0.0,0.0,0.0,0.0,0.0,0.0,0.0,0.0,0.0,0.0,0.0,0.03734,0.0,0.0,0.0,0.0,0.0,0.0,0.0,0.0,0.0,0.0,0.0,0.0,0.0,0.0
A0A3Q7EP61,0.0,0.43569,0.43569,0.0,0.0,0.0,0.0,0.0,0.0,0.0,0.0,0.0,0.1281,0.0,0.0,0.14688,0.0,0.0,0.0,0.0,0.0,0.18436,0.09218,0.0,0.0,0.0,0.0
A0A3Q7EP74,0.0,0.0,0.0,0.0,0.0,0.0,0.0,0.0,0.0,0.0,0.0,0.0,0.0,0.0,0.0,0.04892,0.0,0.0,0.0,0.0,0.0,0.0,0.0,0.0,0.0,0.0,0.0
A0A3Q7EPC2,0.0,0.0,0.0,0.0,0.0,0.0,0.11726,0.0,0.0,0.0,0.0,0.0,0.04919,0.17191,0.0,0.0282,0.0,0.0,0.0,0.0,0.0,0.11611,0.05806,0.0,0.0,0.0,0.0
A0A3Q7EPT6,0.0,0.0,0.0,0.0,0.0,0.0,0.0,0.0,0.0,0.0,0.0,0.0,0.20701,0.0,0.0,0.0,0.0,0.0,0.0,0.0,0.0,0.0,0.0,0.0,0.0,0.0,0.0
A0A3Q7EPW1,0.0,0.0,0.0,0.0,0.0,0.0,0.0,0.0,0.0,0.0,0.0,0.0,0.11746,0.0,0.0,0.61125,0.54953,0.0,0.0,0.0,0.0,0.0,0.0,0.0,0.0,0.0,0.0
A0A3Q7EQ38,0.59291,0.23296,0.23296,0.0,0.0,0.31442,0.0,0.0,0.0,0.52423,0.0,0.0,0.08332,0.09402,0.8424,0.02394,0.074,0.0,0.09846,0.09846,0.09846,0.17583,0.20643,0.23703,0.0,0.0,0.0
A0A3Q7EQ62,0.0,0.0,0.0,0.0,0.0,0.0,0.12396,0.0,0.0,0.0,0.0,0.0,0.0,0.0,0.0,0.02981,0.0,0.0,0.0,0.0,0.0,0.0,0.0,0.0,0.0,0.0,0.0
A0A3Q7EQ78,0.0,0.0,0.0,0.0,0.0,0.0,0.0,0.0,0.0,0.0,0.0,0.0,0.0,0.0,0.0,0.06469,0.0,0.0,0.0,0.0,0.0,0.0,0.0,0.0,0.0,0.0,0.0
A0A3Q7EQ90,0.0,0.0,0.0,0.0,0.0,0.0,0.1766,0.0,0.0,0.0,0.0,0.0,0.07409,0.0,0.0,0.05985,0.28719,3.48593,0.0,0.0,0.0,0.0,0.0,0.0,0.0,0.0,0.0
A0A3Q7EQJ0,0.0,0.0,0.0,0.0,0.0,0.0,0.0,0.0,0.0,0.0,0.0,0.0,0.0,0.0,0.0,0.05041,0.0,0.0,0.0,0.0,0.0,0.0,0.0,0.0,0.0,0.0,0.0
A0A3Q7EQL2,0.22904,0.0,0.0,0.0,0.0,1.09812,0.0,0.0,0.0,0.0,0.0,0.0,0.09396,0.32838,0.0,0.0,0.42968,0.0,0.0,0.0,0.0,0.2218,0.1109,0.0,0.0,0.0,0.0
A0A3Q7EQN7,0.0,0.0,0.0,0.0,0.0,0.0,0.0,0.0,0.0,0.0,0.0,0.0,0.06866,0.07227,0.0,0.02486,0.0,0.0,0.0,0.0,0.0,0.22749,0.11374,0.0,0.0,0.0,0.0
A0A3Q7EQQ1,0.0,0.0,0.0,0.0,0.0,0.0,0.0,0.0,0.0,0.0,0.0,0.0,0.0,0.0,0.0,0.05859,0.0,0.0,0.0,0.0,0.0,0.0,0.0,0.0,0.0,0.0,0.0
A0A3Q7EQU5,4.07894,0.0,0.0,0.0,0.0,0.0,0.55232,0.0,0.0,0.0,0.0,0.0,0.4341,0.23435,0.0,0.0,0.52854,0.0,1.44969,1.44969,1.44969,1.02466,0.51233,0.0,0.0,0.0,0.0
A0A3Q7ER05,0.0,0.0,0.0,0.0,0.0,0.0,0.0,0.0,0.0,0.0,0.0,0.0,0.0,0.0,0.0,0.0,0.0,0.0,0.0,0.0,0.0,0.19573,0.09786,0.0,0.0,0.0,0.0
A0A3Q7ER18,0.0,0.0,0.0,0.0,0.0,0.0,0.0,0.0,0.0,0.0,0.0,0.0,0.0,0.0,0.0,0.10717,0.0,0.0,0.0,0.0,0.0,0.0,0.0,0.0,0.0,0.0,0.0
A0A3Q7ER22,0.0,0.0,0.0,0.0,0.0,0.0,0.0,0.0,0.0,0.0,0.0,0.0,0.0,0.0,0.0,0.02682,0.0,0.0,0.0,0.0,0.0,0.0,0.0,0.0,0.0,0.0,0.0
A0A3Q7ERA8,0.0,0.0,0.0,0.0,0.0,0.0,0.06365,0.0,0.64827,0.0,0.0,0.0,0.0267,0.14384,0.0,0.06285,0.0,0.0,0.0,0.0,0.0,0.25877,0.45221,0.64565,0.0,0.0,0.0
A0A3Q7ERI0,0.08284,0.0,0.0,0.0,0.0,0.0,0.0,0.0,0.0,0.0,0.0,0.0,0.0,0.0,0.0,0.0,0.0,0.0,0.0,0.0,0.0,0.0,0.0,0.0,0.0,0.0,0.0
A0A3Q7ERM5,0.0,0.20608,0.20608,0.0,0.0,0.27922,0.0,0.0,0.0,0.0,0.0,0.0,0.23994,0.22734,0.0,0.029,0.0,0.0,0.0,0.0,0.0,0.35688,0.5331,0.70933,0.0,0.0,0.0
A0A3Q7ERS3,0.0,0.0,0.0,0.0,0.0,0.0,0.0,0.0,0.0,0.0,0.0,0.0,0.0,0.0,0.0,0.08955,0.0,0.0,0.0,0.0,0.0,0.0,0.0,0.0,0.0,0.0,0.0
A0A3Q7ES41,0.0,0.0,0.0,0.0,0.0,0.0,0.0,0.0,0.0,0.0,0.0,0.0,0.0,0.0,0.0,0.02555,0.0,0.0,0.0,0.0,0.0,0.0,0.0,0.0,0.0,0.0,0.0
A0A3Q7ES58,0.0,0.0,0.0,0.0,0.0,0.0,0.0,0.0,0.0,0.0,0.0,0.0,0.0,0.0,0.0,0.04132,0.0,0.0,0.0,0.0,0.0,0.0,0.0,0.0,0.0,0.0,0.0
A0A3Q7ES85,0.0,0.0,0.0,0.0,0.0,0.0,0.0,0.0,0.0,0.0,0.0,0.0,0.01124,0.0,0.0,0.00989,0.0,0.0,0.0,0.0,0.0,0.0,0.0,0.0,0.0,0.0,0.0
A0A3Q7ESA9,0.0,0.0,0.0,0.0,0.0,0.0,0.0,0.0,0.0,0.0,0.0,0.0,0.0,0.0,0.0,0.03499,0.0,0.0,0.0,0.0,0.0,0.0,0.0,0.0,0.0,0.0,0.0
A0A3Q7ESD1,0.0,0.0,0.0,0.0,0.0,0.0,0.0,0.0,0.0,0.0,0.0,0.0,0.0,0.0,0.0,0.01565,0.0,0.0,0.0,0.0,0.0,0.0,0.0,0.0,0.0,0.0,0.0
A0A3Q7ESG5,0.0,0.0,0.0,0.0,0.0,0.0,0.0,0.0,0.0,0.0,0.0,0.0,0.0,0.0,0.0,0.04028,0.0,0.0,0.0,0.0,0.0,0.0,0.0,0.0,0.0,0.0,0.0
A0A3Q7ESN2,0.0,0.0,0.0,0.0,0.0,0.0,0.04834,0.0,0.0,0.0,0.0,0.0,0.0,0.0,0.0,0.01358,0.0,0.0,0.0,0.0,0.0,0.0,0.0,0.0,0.0,0.0,0.0
A0A3Q7ET25,0.0,0.0,0.0,0.0,0.0,0.0,0.0,0.0,0.0,0.0,0.0,0.0,0.0,0.0,0.0,0.0,0.0,0.0,0.0,0.0,0.0,0.04692,0.02346,0.0,0.0,0.0,0.0
A0A3Q7ETC3,0.0,0.0,0.0,0.0,0.0,0.0,0.0,0.0,0.0,0.0,0.0,0.0,0.03112,0.10875,0.0,0.03844,0.0856,0.0,0.0,0.0,0.0,0.07346,0.03673,0.0,0.0,0.0,0.0
A0A3Q7ETE6,0.0,0.0,0.0,0.0,0.0,0.0,0.0,0.0,0.0,0.0,0.0,0.0,0.11746,0.0,0.0,0.06734,0.0,0.0,0.0,0.0,0.0,0.0,0.0,0.0,0.0,0.0,0.0
A0A3Q7ETK4,0.31513,0.82659,0.82659,0.0,0.0,0.0,0.0,0.0,0.0,0.0,0.0,0.0,0.0,0.0,0.0,0.10417,0.0,0.0,0.0,0.0,0.0,0.0,0.0,0.0,0.0,0.0,0.0
A0A3Q7ETU0,0.0,0.0,0.0,0.0,0.0,0.0,0.0,0.0,0.0,0.0,0.0,0.0,0.05401,0.12068,0.0,0.05606,0.09499,0.0,0.0,0.0,0.0,0.0,0.0,0.0,0.0,0.0,0.0
A0A3Q7ETU6,0.0,0.0,0.0,0.0,0.0,0.0,0.0,0.0,0.0,0.0,0.0,0.0,0.0,0.0,0.0,0.0282,0.0,0.0,0.0,0.0,0.0,0.0,0.0,0.0,0.0,0.0,0.0
A0A3Q7EU34,0.0,0.0,0.0,0.0,0.0,0.0,0.0,0.0,0.0,0.0,0.0,0.0,0.0,0.0,0.0,0.13284,0.0,0.0,0.0,0.0,0.0,0.0,0.0,0.0,0.0,0.0,0.0
A0A3Q7EU46,0.24366,0.28001,0.28001,0.0,0.0,0.0,0.0,0.0,0.0,0.0,0.0,0.0,0.0,0.0,0.0,0.0,0.0,0.0,0.0,0.0,0.0,0.11848,0.05924,0.0,0.0,0.0,0.0
A0A3Q7EU87,0.0,0.0,0.0,0.0,0.0,0.0,0.0,0.0,0.0,0.0,0.0,0.0,0.0,0.0,0.0,0.03361,0.0,0.0,0.0,0.0,0.0,0.0,0.0,0.0,0.0,0.0,0.0
A0A3Q7EUE8,0.0,0.0,0.0,0.0,0.0,0.0,0.0,0.0,0.0,0.0,0.0,0.0,0.0781,0.0,0.0,0.0,0.0,0.0,0.0,0.0,0.0,0.0,0.0,0.0,0.0,0.0,0.0
A0A3Q7EUN5,0.0,0.0,0.0,0.0,0.0,0.0,0.0,0.0,0.0,0.0,0.0,0.0,0.03694,0.0,0.0,0.01369,0.0,0.0,0.0,0.0,0.0,0.0,0.0,0.0,0.0,0.0,0.0
A0A3Q7EUP1,0.0,0.0,0.0,0.0,0.0,0.0,0.0,0.0,0.0,0.0,0.0,0.0,0.0,0.0,0.0,0.04754,0.0,0.0,0.0,0.0,0.0,0.0,0.0,0.0,0.0,0.0,0.0
A0A3Q7EUR6,0.0,0.0,0.0,0.0,0.0,0.0,0.0,0.0,0.0,0.0,0.0,0.0,0.0,0.0,0.0,0.0,0.0,0.0,0.0,0.0,0.0,0.03033,0.01516,0.0,0.0,0.0,0.0
A0A3Q7EUS0,0.0,0.0,0.0,0.0,0.0,0.0,0.0,0.0,0.0,0.0,0.0,0.0,0.0,0.0,0.0,0.0259,0.0,0.0,0.0,0.0,0.0,0.0,0.0,0.0,0.0,0.0,0.0
A0A3Q7EUT1,0.0,0.0,0.0,0.0,0.0,0.0,1.24152,7.74852,0.0,0.0,0.0,0.0,0.73126,0.80973,0.0,1.80509,0.98474,0.0,1.74811,1.74811,1.74811,3.19581,2.18872,1.18163,0.0,0.0,0.0
A0A3Q7EUT2,0.0,0.0,0.0,0.0,0.0,0.0,0.0,0.0,0.0,0.0,0.0,0.0,0.0,0.0,0.0,0.01841,0.0,0.0,0.0,0.0,0.0,0.0,0.0,0.0,0.0,0.0,0.0
A0A3Q7EUV6,0.0,0.0,0.0,0.0,0.0,0.0,0.13975,0.0,0.0,0.0,0.0,0.0,0.13412,0.0,0.0,0.07689,0.0,0.0,0.0,0.0,0.0,0.13839,0.0692,0.0,0.0,0.0,0.0
A0A3Q7EUX7,0.0,0.0,0.0,0.0,0.0,0.0,0.0,0.0,0.0,0.0,0.0,0.0,0.01525,0.0,0.0,0.03913,0.0,0.0,0.0,0.0,0.0,0.03601,0.01801,0.0,0.0,0.0,0.0
A0A3Q7EV39,0.0,0.0,0.0,0.0,0.0,0.0,0.0,0.0,0.0,0.0,0.0,0.0,0.03212,0.0,0.0,0.0518,0.0,0.0,0.24237,0.24237,0.24237,0.0,0.0,0.0,0.0,0.0,0.0
A0A3Q7EVT9,0.0,0.0,0.0,0.0,0.0,0.0,0.0,0.0,0.0,0.0,0.0,0.0,0.0,0.13612,0.0,0.0,0.0,0.0,0.0,0.0,0.0,0.0,0.0,0.0,0.0,0.0,0.0
A0A3Q7EWZ3,0.0,0.0,0.0,0.0,0.0,1.82551,0.15985,0.0,0.0,0.0,0.0,0.0,0.21162,0.0,0.0,0.08955,0.18446,0.0,0.0,0.0,0.0,0.0,0.2954,0.59081,0.0,0.0,0.0
A0A3Q7EXK0,1.05588,0.35617,0.35617,0.0,0.0,0.0,0.0,0.0,0.0,0.0,0.0,0.0,0.0,0.0,0.0,0.0,0.0,0.0,0.30599,0.30599,0.30599,0.0,0.0,0.0,0.0,0.0,0.0
A0A3Q7EXW0,0.0,0.0,0.0,0.0,0.0,0.0,0.0,0.0,0.0,0.0,0.0,0.0,0.0,0.0,0.0,0.05985,0.0,0.0,0.0,0.0,0.0,0.0,0.0,0.0,0.0,0.0,0.0
A0A3Q7EY39,0.0,0.0,0.0,0.0,0.0,0.0,0.08902,0.0,0.0,0.0,0.0,0.0,0.08172,0.0,0.0,0.04685,0.0,0.0,0.0,0.0,0.0,0.13839,0.0692,0.0,0.0,0.0,0.0
A0A3Q7EYC4,0.0,0.0,0.0,0.0,0.0,0.0,0.0,0.0,0.0,0.0,0.0,0.0,0.04377,0.0,0.0,0.04477,0.0,0.0,0.0,0.0,0.0,0.10331,0.05165,0.0,0.0,0.0,0.0
A0A3Q7EYI3,0.0,0.0,0.0,0.0,0.0,0.0,0.0,0.0,0.0,0.0,0.0,0.0,0.0,0.0,0.0,0.2826,0.0,0.0,0.0,0.0,0.0,0.0,0.0,0.0,0.0,0.0,0.0
A0A3Q7EYM6,0.0,0.39201,0.39201,0.0,0.0,0.0,0.0,0.0,0.0,0.0,0.0,0.0,0.09878,0.0,0.0,0.19811,0.0,0.0,0.0,0.0,0.0,0.0,0.0,0.0,0.0,0.0,0.0
A0A3Q7EYX0,0.42072,0.0,0.0,0.0,0.0,0.0,0.0,0.0,0.0,0.0,0.0,0.0,0.0,0.32838,0.0,0.0,0.0,0.0,0.0,0.0,0.0,0.0,0.0,0.0,0.0,0.0,0.0
A0A3Q7EZ16,0.0,0.0,0.0,0.0,0.0,0.0,0.27999,0.0,0.0,0.0,0.0,0.0,0.15621,0.18173,0.0,0.20927,0.42968,0.0,0.39234,0.39234,0.39234,0.0,0.0,0.0,0.0,0.0,0.0
A0A3Q7EZ95,0.0,0.0,0.0,0.0,0.0,0.0,0.0,0.0,0.0,0.0,0.0,0.0,0.052,0.0,0.0,0.0,0.0,0.0,0.0,0.0,0.0,0.0,0.0,0.0,0.0,0.0,0.0
A0A3Q7F081,0.0,0.0,0.0,0.0,0.0,0.0,0.0,0.0,0.0,0.0,0.0,0.0,0.0,0.0,0.0,0.0366,0.0,0.0,0.0,0.0,0.0,0.0,0.0,0.0,0.0,0.0,0.0
A0A3Q7F0A7,0.0,0.0,0.0,0.0,0.0,0.0,0.0,0.0,0.0,0.0,0.0,0.0,0.0,0.0,0.0,0.02141,0.0,0.0,0.0,0.0,0.0,0.0,0.0,0.0,0.0,0.0,0.0
A0A3Q7F0F8,0.0,0.0,0.0,0.0,0.0,0.0,0.55232,0.0,0.0,0.0,0.0,0.0,0.73126,0.0,0.0,0.2986,0.63734,0.0,0.0,0.0,0.0,0.54693,0.27347,0.0,0.0,0.0,0.0
A0A3Q7F0G4,0.0,0.0,0.0,0.0,0.0,0.0,0.55232,0.0,0.0,0.0,0.0,0.0,0.2317,0.0,0.0,0.24887,0.0,0.0,0.0,0.0,0.0,0.0,0.0,0.0,0.0,0.0,0.0
A0A3Q7F0I2,0.0,0.0,0.0,0.0,0.0,0.0,0.11151,0.0,0.0,0.0,0.0,0.0,0.0,0.0,0.0,0.18015,0.0,0.0,0.0,0.0,0.0,0.0,0.0,0.0,0.0,0.0,0.0
A0A3Q7F0L2,0.0,0.0,0.0,0.0,0.0,0.0,0.0,5.4286,0.0,0.0,0.0,0.0,0.0,0.0,0.0,0.0,0.0,0.0,0.0,0.0,0.0,0.0,0.0,0.0,0.0,0.0,0.0
A0A3Q7F0P2,0.0,0.0,0.0,0.0,0.0,0.0,0.0,0.0,0.0,0.0,0.0,0.0,0.0,0.0,0.0,0.0,0.0,0.0,0.0,0.0,0.0,0.10331,0.05165,0.0,0.0,0.0,0.0
A0A3Q7F0Q0,0.0,0.0,0.0,0.0,0.0,0.0,0.0,0.0,0.0,0.0,0.0,0.0,0.0,0.0,0.0,0.0191,0.0,0.0,0.0,0.0,0.0,0.0,0.0,0.0,0.0,0.0,0.0
A0A3Q7F0V0,0.0,0.0,0.0,0.0,0.0,0.0,0.0,0.0,0.0,0.0,0.0,0.0,0.0,0.0,0.0,0.0,0.0,0.0,0.0,0.0,0.0,0.07867,0.03934,0.0,0.0,0.0,0.0
A0A3Q7F153,0.0,0.0,0.0,0.0,0.0,0.0,0.0,0.0,0.0,0.0,0.0,0.0,0.0,0.0,0.0,0.02981,0.0,0.0,0.0,0.0,0.0,0.0,0.0,0.0,0.0,0.0,0.0
A0A3Q7F1S0,0.0,0.0,0.0,0.0,0.0,0.0,0.0,0.0,0.0,0.0,0.0,0.0,0.0,0.0,0.0,0.04754,0.0,0.0,0.0,0.0,0.0,0.19573,0.09786,0.0,0.0,0.0,0.0
A0A3Q7F1S8,0.0,0.0,0.0,0.0,0.0,0.0,0.0,0.0,0.0,0.0,0.0,0.0,0.0,0.0,0.0,0.02774,0.0,0.0,0.0,0.0,0.0,0.07346,0.03673,0.0,0.0,0.0,0.0
A0A3Q7F1W7,0.30214,0.08288,0.08288,0.0,0.0,0.11497,0.03541,0.0,0.0,0.0,0.0,0.0,0.02007,0.03438,0.0,0.03798,0.05522,0.0,0.11209,0.11209,0.11209,0.03507,0.06087,0.08667,0.0,0.0,0.0
A0A3Q7F2B5,0.0,0.0,0.0,0.0,0.0,0.0,0.0,0.0,0.0,0.0,0.0,0.0,0.0,0.0,0.0,0.08955,0.0,0.0,0.0,0.0,0.0,0.36872,0.18436,0.0,0.0,0.0,0.0
A0A3Q7F2F3,0.0,0.0,0.0,0.0,0.0,0.0,0.0,0.0,0.0,0.0,0.0,0.0,0.11746,0.0,0.0,0.0,0.19827,0.0,0.0,0.0,0.0,0.0,0.0,0.0,0.0,0.0,0.0
A0A3Q7F2V6,0.0,0.0,0.0,0.0,0.0,0.0,0.0,0.0,0.0,0.0,0.0,0.0,0.0,0.0,0.0,0.15379,0.0,0.0,0.0,0.0,0.0,0.0,0.0,0.0,0.0,0.0,0.0
A0A3Q7F2Y7,0.0,0.0,0.0,0.0,0.0,0.0,0.0,0.0,0.0,0.0,0.0,0.0,0.0,0.0,0.0,0.04477,0.0,0.0,0.0,0.0,0.0,0.0,0.0,0.0,0.0,0.0,0.0
A0A3Q7F352,0.0,0.0,0.0,0.0,0.0,0.0,0.0,0.0,0.0,0.0,0.0,0.0,0.0,0.0,0.0,0.02877,0.0,0.0,0.0,0.0,0.0,0.0,0.0,0.0,0.0,0.0,0.0
A0A3Q7F3F2,0.0,0.0,0.0,0.0,0.0,0.0,0.0,0.0,0.0,0.0,0.0,0.0,0.2317,0.80973,0.0,0.0,0.0,0.0,0.0,0.0,0.0,0.0,0.0,0.0,0.0,0.0,0.0
A0A3Q7F3S0,0.08284,5.59463,5.59463,0.0,0.0,2.70777,0.85337,0.0,17.75199,2.23444,0.0,0.0,1.80708,3.50486,0.0,1.37158,1.43265,0.0,1.0119,1.0119,1.0119,0.54693,1.29412,2.04132,0.0,0.0,0.0
A0A3Q7F479,0.0,0.0,0.0,0.0,0.0,0.0,0.12396,0.0,0.0,0.0,0.0,0.0,0.15621,0.0,0.0,0.11453,0.0,0.0,0.0,0.0,0.0,0.0,0.0,0.0,0.0,0.0,0.0
A0A3Q7F491,0.0,0.0,0.0,0.0,0.0,0.0,0.0,0.0,0.0,0.0,0.0,0.0,0.11063,0.0,0.0,0.08403,0.0,0.0,0.0,0.0,0.0,0.0,0.0,0.0,0.0,0.0,0.0
A0A3Q7F4A6,0.0,0.0,0.0,0.0,0.0,0.0,0.15985,0.0,0.0,0.0,0.0,0.0,0.0,0.0,0.0,0.0,0.18446,0.0,0.0,0.0,0.0,0.0,0.0,0.0,0.0,0.0,0.0
A0A3Q7F4F5,0.0,0.0,0.0,0.0,0.0,0.0,0.0,0.0,0.0,0.0,0.0,0.0,0.10842,0.0,0.0,0.0,0.0,0.0,0.0,0.0,0.0,0.11422,0.05711,0.0,0.0,0.0,0.0
A0A3Q7F4L8,0.30214,0.0,0.0,0.0,0.0,0.0,0.0,0.0,0.0,0.0,0.0,0.0,0.0,0.69816,0.0,0.06734,0.54953,0.0,0.0,0.0,0.0,0.0,0.0,0.0,0.0,0.0,0.0
A0A3Q7F507,0.0,0.0,0.0,0.0,0.0,0.84236,0.0,0.0,0.0,0.0,0.0,0.0,0.07208,0.0,0.0,0.13284,0.0,0.0,0.0,0.0,0.0,0.27725,0.13862,0.0,0.0,0.0,0.0
A0A3Q7F529,0.0,0.0,0.0,0.0,0.0,0.0,0.0,0.0,0.0,0.0,0.0,0.0,0.11063,0.0,0.0,0.10717,0.0,0.0,0.37113,0.37113,0.37113,0.0,0.0,0.0,0.0,0.0,0.0
A0A3Q7F579,0.333,0.0,0.0,0.0,0.0,0.0,0.0,0.0,0.0,0.0,0.0,0.0,0.05862,0.0,0.0,0.11258,0.0,0.0,0.0,0.0,0.0,0.13839,0.0692,0.0,0.0,0.0,0.0
A0A3Q7F5W7,0.0,0.0,0.0,0.0,0.0,0.0,0.0,0.0,0.0,0.0,0.0,0.0,0.0,0.0,0.0,0.04132,0.0,0.0,0.0,0.0,0.0,0.0,0.0,0.0,0.0,0.0,0.0
A0A3Q7F5X4,0.0,0.0,0.0,0.0,0.0,0.0,0.10625,0.0,0.0,0.0,0.0,0.0,0.04457,0.0,0.0,0.04028,0.0,0.0,0.0,0.0,0.0,0.0,0.0,0.0,0.0,0.0,0.0
A0A3Q7F5Y3,0.0,0.0,0.0,0.0,0.0,0.0,0.0,0.0,0.0,0.0,0.0,0.0,0.0,0.0,0.0,0.03982,0.0,0.0,0.0,0.0,0.0,0.0,0.0,0.0,0.0,0.0,0.0
A0A3Q7F611,0.0,0.32705,0.32705,0.0,0.0,0.0,0.0,0.0,0.0,0.0,0.0,0.0,0.09396,0.0,0.0,0.13284,0.0,0.0,0.0,0.0,0.0,0.0,0.0,0.0,0.0,0.0,0.0
A0A3Q7F639,0.0,0.0,0.0,0.0,0.0,0.0,0.0,0.0,0.0,0.0,0.0,0.0,0.0,0.0,0.0,0.05985,0.0,0.0,0.0,0.0,0.0,0.0,0.0,0.0,0.0,0.0,0.0
A0A3Q7F6B1,0.0,0.0,0.0,0.0,0.0,0.0,0.0,0.0,0.0,0.0,0.0,0.0,0.0,0.0,0.0,0.0282,0.0,0.0,0.0,0.0,0.0,0.0,0.0,0.0,0.0,0.0,0.0
A0A3Q7F6F6,0.0,0.0,0.0,0.0,0.0,0.0,0.44559,0.0,1.89608,0.0,0.0,0.0,0.0,0.0,0.0,0.07344,0.21484,0.0,0.58926,0.58926,0.58926,0.0,0.0,0.0,0.0,0.0,0.0
A0A3Q7F6N7,0.0,0.0,0.0,0.0,0.0,0.0,0.0,0.0,0.0,0.0,0.0,0.0,0.0,0.0,0.0,0.03361,0.0,0.0,0.0,0.0,0.0,0.0,0.0,0.0,0.0,0.0,0.0
A0A3Q7F7G5,0.0,0.1624,0.1624,0.0,0.0,0.0,0.06939,0.0,0.0,0.0,0.0,0.0,0.06244,0.0,0.0,0.05767,0.0,0.0,0.47111,0.47111,0.47111,0.23744,0.31772,0.398,0.0,0.0,0.0
A0A3Q7F7H4,0.0,0.0,0.0,0.0,0.0,0.64292,0.0,0.0,0.0,0.0,0.0,0.0,0.05501,0.0,0.0,0.0,0.0,0.0,0.0,0.0,0.0,0.0,0.0,0.0,0.0,0.0,0.0
A0A3Q7F7L6,0.0,0.0,0.0,0.0,0.0,0.0,0.06939,0.0,0.0,0.0,0.0,0.0,0.0,0.0,0.0,0.01669,0.0,0.0,0.0,0.0,0.0,0.04455,0.02227,0.0,0.0,0.0,0.0
A0A3Q7F7L8,0.0,0.0,0.0,0.0,0.0,0.0,0.0,0.0,0.0,0.0,0.0,0.0,0.0,0.0,0.0,0.01484,0.0,0.0,0.0,0.0,0.0,0.0,0.0,0.0,0.0,0.0,0.0
A0A3Q7F7P0,0.0,0.0,0.0,0.0,0.0,0.0,0.0,0.0,0.0,0.0,0.0,0.0,0.02851,0.0,0.0,0.02854,0.0,0.0,0.0,0.0,0.0,0.09194,0.04597,0.0,0.0,0.0,0.0
A0A3Q7F872,0.0,0.0,0.0,0.0,0.0,0.0,0.0,0.0,0.0,0.0,0.0,0.0,0.0,0.0,0.0,0.0,0.0,0.0,0.0,0.0,0.0,0.0,0.0,0.0,0.0,0.0,0.0
A0A3Q7F894,0.15269,0.0,0.0,0.0,0.0,0.0,0.0,0.0,0.0,0.0,0.0,0.0,0.06103,0.0,0.0,0.06411,0.0,0.0,0.0,0.0,0.0,0.14407,0.07204,0.0,0.0,0.0,0.0
A0A3Q7F8E3,0.0,0.0,0.0,0.0,0.0,0.0,0.0,0.0,0.0,0.0,0.0,0.0,0.16524,0.0,0.0,0.02555,0.0,0.0,0.0,0.0,0.0,0.0,0.0,0.0,0.0,0.0,0.0
A0A3Q7F8L3,0.0,0.0,0.0,0.0,0.0,0.0,0.0,0.0,0.0,0.0,0.0,0.0,0.0,0.0,0.0,0.01623,0.0,0.0,0.0,0.0,0.0,0.0,0.0,0.0,0.0,0.0,0.0
A0A3Q7F8V6,0.0,0.0,0.0,0.0,0.0,0.0,0.0,0.0,0.0,0.0,0.0,0.0,0.0,0.0,0.0,0.01634,0.0,0.0,0.0,0.0,0.0,0.0,0.0,0.0,0.0,0.0,0.0
A0A3Q7F8X2,0.0,0.20048,0.20048,0.0,0.0,0.0,0.0,0.0,0.0,0.0,0.0,0.0,0.03594,0.0,0.0,0.03223,0.0,0.0,0.0,0.0,0.0,0.0,0.0,0.0,0.0,0.0,0.0
A0A3Q7F8X4,0.0,0.0,0.0,0.0,0.0,0.0,0.55232,0.0,0.0,0.0,0.0,0.0,0.0,0.0,0.0,0.0,0.0,0.0,0.0,0.0,0.0,0.0,0.0,0.0,0.0,0.0,0.0
A0A3Q7F900,0.66114,0.0,0.0,0.0,0.0,0.0,0.0,0.0,0.0,0.0,0.0,0.0,0.0,0.0,0.0,0.0,0.0,0.0,0.0,0.0,0.0,0.0,0.0,0.0,0.0,0.0,0.0
A0A3Q7F952,0.0,0.084,0.084,0.0,0.0,0.0,0.0,0.0,0.0,0.0,0.0,0.0,0.05742,0.10875,0.0,0.00863,0.0,0.0,0.0,0.0,0.0,0.18104,0.19134,0.20165,0.0,0.0,0.0
A0A3Q7F980,0.0,0.68994,0.68994,0.0,0.0,0.0,0.22399,0.0,1.03333,1.5684,0.0,0.0,0.19215,0.23435,0.0,0.32588,0.11708,0.0,0.93313,0.93313,0.93313,0.10047,0.34564,0.59081,0.0,0.0,0.0
A0A3Q7F9B8,0.0,0.0,0.0,0.0,0.0,0.0,0.0,0.0,0.0,0.0,0.0,0.0,0.0,0.0,0.0,0.03464,0.0,0.0,0.0,0.0,0.0,0.14265,0.07132,0.0,0.0,0.0,0.0
A0A3Q7F9I5,0.0,0.0,0.0,0.0,0.0,0.0,0.0,0.0,0.0,0.0,0.0,0.0,0.04919,0.0,0.0,0.0282,0.0,0.0,0.0,0.0,0.0,0.0,0.0,0.0,0.0,0.0,0.0
A0A3Q7F9J2,0.0,0.0,0.0,0.0,0.0,0.0,0.0,0.0,0.0,0.0,0.0,0.0,0.0,0.0,0.0,0.03844,0.0,0.0,0.0,0.0,0.0,0.0,0.0,0.0,0.0,0.0,0.0
A0A3Q7F9P0,0.0,0.0,0.0,0.0,0.0,0.0,0.0,0.0,0.0,0.0,0.0,0.0,0.1044,0.0,0.0,0.0,0.0,0.0,0.0,0.0,0.0,0.0,0.0,0.0,0.0,0.0,0.0
A0A3Q7F9W4,0.0,0.0,0.0,0.0,0.0,0.0,0.0,0.0,0.0,0.0,0.0,0.0,0.0,0.0,0.0,0.02774,0.0,0.0,0.0,0.0,0.0,0.0,0.0,0.0,0.0,0.0,0.0
A0A3Q7FA43,0.0,0.0,0.0,0.0,0.0,0.0,0.0,0.0,0.0,0.0,0.0,0.0,0.0,0.0,0.0,0.0,0.0,0.0,0.0,0.0,0.0,0.08483,0.04242,0.0,0.0,0.0,0.0
A0A3Q7FA76,0.0,0.0,0.0,0.0,0.0,0.0,0.0,0.0,0.0,0.0,0.0,0.0,0.07409,0.0,0.0,0.0,0.0,0.0,0.0,0.0,0.0,0.0,0.0,0.0,0.0,0.0,0.0
A0A3Q7FAA3,0.0,0.0,0.0,0.0,0.0,0.0,0.0,0.0,0.0,0.0,0.0,0.0,0.13412,0.0,0.0,0.0,0.0,0.0,0.0,0.0,0.0,0.0,0.0,0.0,0.0,0.0,0.0
A0A3Q7FAI2,0.0,0.0,0.0,0.0,0.0,0.0,0.0,0.0,0.0,0.0,0.0,0.0,0.08935,0.0,0.0,0.05122,0.0,0.0,0.0,0.0,0.0,0.2109,0.10545,0.0,0.0,0.0,0.0
A0A3Q7FAT9,0.0,0.0,0.0,0.0,0.0,0.0,0.0,0.0,0.0,0.0,0.0,0.0,0.0,0.29821,0.0,0.0,0.0,0.0,0.0,0.0,0.0,0.0,0.0,0.0,0.0,0.0,0.0
A0A3Q7FAU0,0.32813,0.0,0.0,0.0,0.0,0.0,0.0,0.0,0.0,0.0,0.0,0.0,0.16524,0.0,0.0,0.11684,0.0,0.0,0.0,0.0,0.0,0.16588,0.08294,0.0,0.0,0.0,0.0
A0A3Q7FAX1,0.12345,0.0,0.0,0.0,0.0,0.0,0.0,0.0,0.0,0.0,0.0,0.0,0.01546,0.0,0.0,0.00587,0.0,0.0,0.0,0.0,0.0,0.03649,0.01825,0.0,0.0,0.0,0.0
A0A3Q7FAZ1,0.0,0.0,0.0,0.0,0.0,0.0,0.0,0.0,0.0,0.0,0.0,0.0,0.0,0.0,0.0,0.0,0.0,0.0,0.0,0.0,0.0,0.05782,0.02891,0.0,0.0,0.0,0.0
A0A3Q7FB67,0.7115,0.0,0.0,0.0,0.0,1.98976,1.15585,0.0,1.74985,0.0,0.0,0.0,0.0,0.41048,0.0,0.0,0.83506,17.26511,0.0,0.0,0.0,0.0,0.0,0.0,0.0,0.0,0.0
A0A3Q7FB69,0.6319,0.20608,0.20608,0.0,0.0,0.16424,0.0,0.0,0.0,0.0,0.0,0.0,0.07148,0.15787,0.0,0.02118,0.03866,0.0,0.0,0.0,0.0,0.16872,0.28336,0.398,0.0,0.0,0.0
A0A3Q7FB87,0.0,0.0,0.0,0.0,0.0,0.0,0.15985,0.0,0.0,0.0,0.0,0.0,0.0,0.0,0.0,0.0,0.0,0.0,0.0,0.0,0.0,0.0,0.0,0.0,0.0,0.0,0.0
A0A3Q7FBR1,0.0,0.0,0.0,0.0,0.0,0.0,0.0,0.0,0.0,0.0,0.0,0.0,0.0,0.0,0.0,0.04305,0.0,0.0,0.0,0.0,0.0,0.0,0.0,0.0,0.0,0.0,0.0
A0A3Q7FBU5,0.0,0.0,0.0,0.0,0.0,0.0,0.0,0.0,0.0,0.0,0.0,0.0,0.15621,0.0,0.0,0.0,0.0,0.0,0.0,0.0,0.0,0.27725,0.13862,0.0,0.0,0.0,0.0
A0A3Q7FC02,0.0,0.0,0.0,0.0,0.0,0.0,0.06509,0.0,0.0,0.0,0.0,0.0,0.05862,0.0,0.0,0.07689,0.0,0.0,0.0,0.0,0.0,0.06445,0.03222,0.0,0.0,0.0,0.0
A0A3Q7FCE4,0.32813,0.1624,0.1624,0.0,0.0,0.0,0.10768,0.0,0.0,0.0,0.0,0.0,0.0,0.0,0.0,0.0358,0.0,0.0,0.0,0.0,0.0,0.06872,0.03436,0.0,0.0,0.0,0.0
A0A3Q7FCH7,0.0,0.0,0.0,0.0,0.0,0.0,0.0,0.0,0.0,0.0,0.0,0.0,0.0,0.0,0.0,0.0206,0.0,0.0,0.0,0.0,0.0,0.0,0.0,0.0,0.0,0.0,0.0
A0A3Q7FCM3,0.0,0.0,0.0,0.0,0.0,0.33084,0.0,0.0,0.0,0.0,0.0,0.0,0.04377,0.09893,0.0,0.07977,0.0,0.0,0.21359,0.21359,0.21359,0.10331,0.17636,0.24941,0.0,0.0,0.0
A0A3Q7FCR4,0.21604,0.0,0.0,0.0,0.0,0.0,0.0,0.0,0.0,0.0,0.0,0.0,0.1044,0.0,0.0,0.03706,0.0,0.0,0.0,0.0,0.0,0.15261,0.0763,0.0,0.0,0.0,0.0
A0A3Q7FD22,0.0,0.0,0.0,0.0,0.0,0.0,0.04929,0.0,0.0,0.0,0.0,0.0,0.0,0.0,0.0,0.01185,0.0,0.0,0.0,0.0,0.0,0.0,0.0,0.0,0.0,0.0,0.0
A0A3Q7FD98,0.0,0.0,0.0,0.0,0.0,0.0,0.0,0.0,0.0,0.0,0.0,0.0,0.04457,0.0,0.0,0.02555,0.0,0.0,0.0,0.0,0.0,0.0,0.0,0.0,0.0,0.0,0.0
A0A3Q7FDE7,0.0,0.0,0.0,0.0,0.0,0.0,0.0,0.0,0.0,0.0,0.0,0.0,0.0,0.0,0.0,0.04132,0.0,0.0,0.0,0.0,0.0,0.0,0.0,0.0,0.0,0.0,0.0
A0A3Q7FDW1,0.0,0.0,0.0,0.0,0.0,0.0,0.0,0.0,0.0,0.0,0.0,0.0,0.09396,0.0,0.0,0.0,0.42968,0.0,0.0,0.0,0.0,0.0,0.0,0.0,0.0,0.0,0.0
A0A3Q7FE06,0.0,0.0,0.0,0.0,0.0,0.0,0.0,0.0,0.0,0.0,0.0,0.0,0.0,0.0,0.0,0.0,0.0,0.0,0.0,0.0,0.0,0.07677,0.03839,0.0,0.0,0.0,0.0
A0A3Q7FES6,0.0,0.0,0.0,0.0,0.0,0.0,0.0,0.0,0.0,0.0,0.0,0.0,0.0,0.65325,0.0,0.0,0.0,0.0,0.0,0.0,0.0,0.0,0.0,0.0,0.0,0.0,0.0
A0A3Q7FEY7,0.69038,0.37409,0.37409,0.0,0.0,0.2581,0.0,0.0,0.0,0.0,0.0,1.85688,0.25098,0.31014,0.0,0.0,0.45564,1.22681,0.12421,0.12421,0.12421,0.02559,0.54524,1.06488,0.0,0.0,0.0
A0A3Q7FF30,0.0,0.0,0.0,0.0,0.0,0.0,0.0,0.0,0.0,0.0,0.0,0.0,0.052,0.0,0.0,0.0191,0.0,0.0,0.0,0.0,0.0,0.07867,0.03934,0.0,0.0,0.0,0.0
A0A3Q7FF59,0.0,0.0,0.0,0.0,0.0,0.0,0.0,0.0,0.0,0.0,0.0,0.0,0.03112,0.0,0.0,0.0,0.0856,0.0,0.0,0.0,0.0,0.0,0.0,0.0,0.0,0.0,0.0
A0A3Q7FF75,0.0,0.0,0.0,0.0,0.0,0.0,0.0,0.0,0.0,0.0,0.0,0.0,0.14075,0.0,0.0,0.0,0.0,0.0,0.0,0.0,0.0,0.0,0.0,0.0,0.0,0.0,0.0
A0A3Q7FFB2,0.0,0.0,0.0,0.0,0.0,0.0,0.0,0.0,0.0,0.0,0.0,0.0,0.02108,0.0,0.0,0.04028,0.0,0.0,0.0,0.0,0.0,0.04976,0.02488,0.0,0.0,0.0,0.0
A0A3Q7FFY2,0.0,0.0,0.0,0.0,0.0,0.0,0.15219,0.0,0.0,0.0,0.0,0.0,0.0,0.0,0.0,0.10417,0.0,0.0,0.0,0.0,0.0,0.0,0.0,0.0,0.0,0.0,0.0
A0A3Q7FGG9,0.23554,0.0,0.0,0.0,0.0,0.25341,0.05169,0.0,0.0,0.0,0.0,0.0,0.02168,0.0,0.0,0.0191,0.0,0.0,0.0,0.0,0.0,0.10758,0.05379,0.0,0.0,0.0,0.0
A0A3Q7FH28,0.0,0.0,0.0,0.0,0.0,0.0,0.11726,0.0,0.0,0.0,0.0,0.0,0.0,0.0,0.0,0.0,0.0,0.0,0.0,0.0,0.0,0.0,0.0,0.0,0.0,0.0,0.0
A0A3Q7FH75,0.0,0.0,0.0,0.0,0.0,0.0,0.4183,0.0,0.0,0.0,0.0,0.0,0.1044,0.0,0.0,0.0,0.28719,0.0,0.0,0.0,0.0,0.0,0.0,0.0,0.0,0.0,0.0
A0A3Q7FHW8,0.0,0.0,0.0,0.0,0.0,0.0,0.0,0.0,0.0,0.0,0.0,0.0,0.0,0.0,0.0,0.03154,0.0,0.0,0.0,0.0,0.0,0.0,0.0,0.0,0.0,0.0,0.0
A0A3Q7FJA9,0.0,0.0,0.0,0.0,0.0,0.0,0.0,0.0,0.0,0.0,0.0,0.0,0.0,0.0,0.0,0.02981,0.0,0.0,0.0,0.0,0.0,0.0,0.0,0.0,0.0,0.0,0.0
A0A3Q7FJI3,0.0,0.0,0.0,0.0,0.0,0.0,0.37236,0.0,0.0,0.0,0.0,0.0,0.15621,0.0,0.0,0.20006,0.0,0.0,0.0,0.0,0.0,0.0,0.0,0.0,0.0,0.0,0.0
A0A3Q7FJJ3,0.0,0.0,0.0,0.0,0.0,0.0,0.77057,0.0,3.79216,0.0,0.0,0.0,0.0,0.0,0.0,1.03602,0.88919,0.0,2.43887,2.43887,2.43887,0.0,0.0,0.0,0.0,0.0,0.0
A0A3Q7FK90,0.0,0.0,0.0,0.0,0.0,0.0,0.0,0.0,0.0,0.0,0.0,0.0,0.0273,0.0,0.0,0.0,0.0,0.0,0.0,0.0,0.0,0.0,0.0,0.0,0.0,0.0,0.0
A0A3Q7FKE1,0.0,0.0,0.0,0.0,0.0,0.0,0.0,0.0,0.0,0.0,0.0,0.0,0.11384,0.0,0.0,0.0,0.0,0.0,0.0,0.0,0.0,0.0,0.0,0.0,0.0,0.0,0.0
A0A3Q7FKJ0,0.0,0.0,0.0,0.0,0.0,0.0,0.0,0.0,0.0,0.0,0.0,0.0,0.0,0.0,0.0,0.04892,0.0,0.0,0.0,0.0,0.0,0.0,0.0,0.0,0.0,0.0,0.0
A0A3Q7FKT4,0.0,0.0,0.0,0.0,0.0,0.0,0.0,0.0,0.0,0.0,0.0,0.0,0.0,0.0,0.0,0.1006,0.0,0.0,0.0,0.0,0.0,0.0,0.0,0.0,0.0,0.0,0.0
A0A3Q7FKZ2,0.0,0.0,0.0,0.0,0.0,0.0,0.0,0.0,0.0,0.0,0.0,0.0,0.0,0.0,0.0,0.02555,0.0,0.0,0.0,0.0,0.0,0.0,0.0,0.0,0.0,0.0,0.0
A0A3Q7FL73,0.0,0.0,0.0,0.0,0.0,0.0,0.0,0.0,0.0,0.0,0.0,0.0,0.0,0.0,0.0,0.0358,0.0,0.0,0.0,0.0,0.0,0.0,0.0,0.0,0.0,0.0,0.0
A0A3Q7FLI5,0.0,0.37409,0.37409,0.0,0.0,0.0,0.0,0.0,0.0,0.0,0.0,0.0,0.10842,0.0,0.0,0.08955,0.0,0.0,0.0,0.0,0.0,0.15829,0.07914,0.0,0.0,0.0,0.0
A0A3Q7FLZ9,0.0,0.0,0.0,0.0,0.0,0.0,0.0,0.0,0.0,0.0,0.0,0.0,0.0,0.0,0.0,0.04477,0.0,0.0,0.0,0.0,0.0,0.0,0.0,0.0,0.0,0.0,0.0
A0A3Q7FME1,0.0,0.0,0.0,0.0,0.0,0.0,0.0,0.0,0.0,0.0,0.0,0.0,0.0,0.0,0.0,0.03844,0.0,0.0,0.0,0.0,0.0,0.0,0.0,0.0,0.0,0.0,0.0
A0A3Q7FMF5,0.0,0.0,0.0,0.0,0.0,0.0,0.0,0.0,0.0,0.0,0.0,0.0,0.0,0.0,0.0,0.0206,0.0,0.0,0.0,0.0,0.0,0.0,0.0,0.0,0.0,0.0,0.0
A0A3Q7FMY9,0.0,0.0,0.0,0.0,0.0,0.0,0.07418,0.0,0.0,0.0,0.0,0.0,0.06706,0.0,0.0,0.0,0.0,0.0,0.0,0.0,0.0,0.0,0.0,0.0,0.0,0.0,0.0
A0A3Q7FN07,0.0,0.34049,0.34049,0.0,0.0,0.0,0.41113,0.0,0.0,0.95393,0.0,0.0,0.06103,0.13612,0.0,0.4517,0.16789,0.0,0.29387,0.29387,0.29387,0.26398,0.30357,0.34316,0.0,0.0,0.0
A0A3Q7FN48,0.0,0.0,0.0,0.0,0.0,0.0,0.0,0.0,0.0,0.0,0.0,0.0,0.08794,0.0,0.0,0.0,0.0,0.0,0.0,0.0,0.0,0.0,0.0,0.0,0.0,0.0,0.0
A0A3Q7FN52,0.0,0.0,0.0,0.0,0.0,0.0,0.0,0.0,0.0,0.0,0.0,0.0,0.04055,0.0,0.0,0.0366,0.0,0.0,0.0,0.0,0.0,0.0,0.0,0.0,0.0,0.0,0.0
A0A3Q7FN70,0.0,0.0,0.0,0.0,0.0,0.0,0.11151,0.0,0.0,0.0,0.0,0.0,0.0,0.0,0.0,0.0,0.0,0.0,0.0,0.0,0.0,0.0,0.0,0.0,0.0,0.0,0.0
A0A3Q7FNF0,0.0,0.22288,0.22288,5.95293,0.0,1.95457,0.0,3.17828,0.0,0.0,0.0,0.0,0.0,0.8406,9.39606,0.0,0.0,2.97725,0.53624,0.53624,0.53624,0.0,1.05957,2.11915,25.48596,32.92682,32.92682
A0A3Q7FNL7,0.34437,0.49058,0.49058,0.0,0.0,0.0,0.13114,0.0,0.0,0.0,0.0,0.0,0.32868,0.30733,0.0,0.18844,0.0,0.0,0.66349,0.66349,0.66349,0.20758,0.34613,0.48468,0.0,0.0,0.0
A0A3Q7FNP2,1.51234,0.97892,0.97892,23.9963,0.0,2.05077,0.4183,6.03178,0.0,0.60587,0.0,0.0,0.26303,0.61326,0.0,0.15079,0.0,0.0,0.78771,0.78771,0.78771,0.41422,0.20711,0.0,0.0,0.0,0.0
A0A3Q7FNP5,0.0,0.0,0.0,0.0,0.0,0.0,0.11965,0.0,0.0,0.0,0.0,0.0,0.0,0.0,0.0,0.0518,0.0,0.0,0.0,0.0,0.0,0.0,0.0,0.0,0.0,0.0,0.0
A0A3Q7FNQ5,0.0,0.0,0.0,0.0,0.0,0.0,0.0,0.0,0.0,0.0,0.0,0.0,0.0,0.0,0.0,0.11453,0.0,0.0,0.0,0.0,0.0,0.0,0.0,0.0,0.0,0.0,0.0
A0A3Q7FPB3,0.0,0.0,0.0,0.0,0.0,0.0,0.0,0.0,0.0,0.0,0.0,0.0,0.12529,0.0,0.0,0.0,0.15132,0.0,0.0,0.0,0.0,0.0,0.0,0.0,0.0,0.0,0.0
A0A3Q7FPG0,0.0,0.11088,0.11088,0.0,0.0,0.0,0.0,0.0,0.0,0.0,0.0,0.0,0.0,0.0,0.0,0.01139,0.0,0.0,0.0,0.0,0.0,0.0,0.0,0.0,0.0,0.0,0.0
A0A3Q7FPJ2,0.0,0.0,0.0,0.0,0.0,0.0,0.0,0.0,0.0,0.0,0.0,0.0,0.0,0.0,0.0,0.03844,0.0,0.0,0.0,0.0,0.0,0.0,0.0,0.0,0.0,0.0,0.0
A0A3Q7FPN1,0.0,0.0,0.0,0.0,0.0,0.5209,0.3939,0.0,1.08208,0.0,0.0,0.0,0.09878,0.0,0.0,0.09473,0.0,0.0,0.0,0.0,0.0,0.0,0.0,0.0,0.0,0.0,0.0
A0A3Q7FPQ1,0.0,0.0,0.0,0.0,0.0,0.0,0.13975,0.0,1.42327,0.0,0.0,0.0,0.09396,0.0,0.0,0.16668,0.16126,0.0,0.0,0.0,0.0,0.31659,0.15829,0.0,0.0,0.0,0.0
A0A3Q7FQ28,0.0,0.0,0.0,0.0,0.0,0.0,0.0,0.0,0.0,0.0,0.0,0.0,0.0,0.0,0.0,0.0,0.0,0.0,0.0,0.0,0.0,0.08483,0.04242,0.0,0.0,0.0,0.0
A0A3Q7FQ43,0.0,0.0,0.0,0.0,0.0,0.0,0.0,0.0,0.0,0.0,0.0,0.0,0.0,0.0,0.0,0.0,0.0,0.0,0.0,0.0,0.0,0.31659,0.15829,0.0,0.0,0.0,0.0
A0A3Q7FQ46,0.0,0.0,0.0,0.0,0.0,0.0,0.0,0.0,0.0,0.0,0.0,0.0,0.0,0.0,0.0,0.03096,0.0,0.0,0.0,0.0,0.0,0.0,0.0,0.0,0.0,0.0,0.0
A0A3Q7FQ90,0.0,0.0,0.0,0.0,0.0,0.0,0.0,0.0,0.0,0.0,0.0,0.0,0.0,0.0,0.0,0.01565,0.0,0.0,0.0,0.0,0.0,0.0,0.0,0.0,0.0,0.0,0.0
A0A3Q7FQN2,0.0,0.0,0.0,0.0,0.0,0.0,0.0,0.0,0.0,0.0,0.0,0.0,0.14075,0.0,0.0,0.0,0.0,0.0,0.0,0.0,0.0,0.0,0.0,0.0,0.0,0.0,0.0
A0A3Q7FQU3,0.0,0.1624,0.1624,0.0,0.0,0.0,0.0,0.0,0.0,0.0,0.0,0.0,0.03975,0.06595,0.0,0.01082,0.0,0.0,0.0,0.0,0.0,0.45877,0.35763,0.25649,0.0,0.0,0.0
A0A3Q7FR83,0.0,0.0,0.0,0.0,0.0,0.0,0.0,0.0,0.0,0.0,0.0,0.0,0.0,0.0,0.0,0.05041,0.0,0.0,0.0,0.0,0.0,0.0,0.0,0.0,0.0,0.0,0.0
A0A3Q7FR95,0.0,0.0,0.0,0.0,0.0,0.0,0.0,0.0,0.0,0.0,0.0,0.0,0.0,0.0,0.0,0.05663,0.0,0.0,0.0,0.0,0.0,0.0,0.0,0.0,0.0,0.0,0.0
A0A3Q7FRA5,0.0,0.49842,0.49842,0.0,0.0,0.0,0.83949,0.0,0.98459,0.0,0.0,0.0,0.21865,0.0,0.0,1.1471,0.49982,0.0,0.0,0.0,0.0,0.34977,0.35354,0.35731,0.0,0.0,0.0
A0A3Q7FRB5,0.0,0.0,0.0,0.0,0.0,0.0,0.0,0.0,0.0,0.0,0.0,0.0,0.02911,0.0,0.0,0.01669,0.0,0.0,0.0,0.0,0.0,0.06872,0.03436,0.0,0.0,0.0,0.0
A0A3Q7FRG1,0.0,0.0,0.0,0.0,0.0,0.0,0.37236,0.0,0.0,0.0,0.0,0.0,0.15621,0.0,0.0,0.08955,0.0,0.0,0.0,0.0,0.0,0.0,0.0,0.0,0.0,0.0,0.0
A0A3Q7FRK3,2.73391,0.19264,0.19264,7.93724,14.47014,0.87756,0.49919,3.12028,0.0,3.53643,0.0,6.09148,0.05401,0.26242,2.22913,0.04305,0.26896,0.0,0.40748,0.40748,0.40748,0.12749,0.30166,0.47583,0.0,2.56968,2.56968
A0A3Q7FRU0,0.0,0.0,0.0,0.0,0.0,0.0,0.0,0.0,0.0,0.0,0.0,0.0,0.0,0.0,0.0,0.05663,0.0,0.0,0.0,0.0,0.0,0.0,0.0,0.0,0.0,0.0,0.0
A0A3Q7FS03,0.0,0.0,0.0,0.0,0.0,0.0,0.0,0.0,0.0,0.0,0.0,0.0,0.34274,0.0,0.0,0.0,0.0,0.0,0.0,0.0,0.0,0.0,0.0,0.0,0.0,0.0,0.0
A0A3Q7FS41,0.0,0.0,0.0,0.0,0.0,0.0,0.0,0.0,0.0,0.0,0.0,0.0,0.0,0.0,0.0,0.05041,0.0,0.0,0.0,0.0,0.0,0.0,0.0,0.0,0.0,0.0,0.0
A0A3Q7FS73,0.0,0.0,0.0,0.0,0.0,0.0,0.0,0.0,0.0,0.0,0.0,0.0,0.04055,0.0,0.0,0.0366,0.0,0.0,0.0,0.0,0.0,0.0,0.0,0.0,0.0,0.0,0.0
A0A3Q7FS97,0.0,0.0,0.0,0.0,0.0,0.0,0.10146,0.0,0.0,0.0,0.0,0.0,0.12368,0.14875,0.0,0.28559,0.0,0.0,0.0,0.0,0.0,0.10047,0.05024,0.0,0.0,0.0,0.0
A0A3Q7FSA0,0.0,0.0,0.0,0.0,0.0,0.0,0.0,0.0,0.0,0.0,0.0,0.0,0.0781,0.0,0.0,0.0,0.0,0.0,0.0,0.0,0.0,0.0,0.0,0.0,0.0,0.0,0.0
A0A3Q7FSE5,0.0,0.0,0.0,0.0,0.0,0.0,0.0,0.0,0.0,0.0,0.0,0.0,0.06465,0.0,0.0,0.02682,0.0,0.0,0.0,0.0,0.0,0.07109,0.03555,0.0,0.0,0.0,0.0
A0A3Q7FSH7,0.0,0.0,0.0,0.0,0.0,0.0,0.0,0.0,0.0,0.0,0.0,0.0,0.0,0.0,0.0,0.02877,0.0,0.0,0.0,0.0,0.0,0.0,0.0,0.0,0.0,0.0,0.0
A0A3Q7FSI4,0.18843,0.0,0.0,0.0,0.0,1.64484,0.0,0.0,0.0,0.0,0.0,0.0,0.20701,0.99918,0.0,0.04892,0.38715,0.0,0.0,0.0,0.0,0.20142,0.10071,0.0,0.0,0.0,0.0
A0A3Q7FTL7,0.0,0.0,0.0,0.0,0.0,0.0,0.10146,0.0,0.0,0.0,0.0,0.0,0.0,0.0,0.0,0.0244,0.0,0.0,0.0,0.0,0.0,0.10047,0.05024,0.0,0.0,0.0,0.0
A0A3Q7FTM5,0.0,0.0,0.0,0.0,0.0,0.0,0.0,0.0,0.0,0.0,0.0,0.0,0.00903,0.0,0.0,0.0,0.0,0.0,0.0,0.0,0.0,0.02132,0.01066,0.0,0.0,0.0,0.0
A0A3Q7FTS1,0.0,0.0,0.0,0.0,0.0,0.0,0.0,0.0,0.0,0.0,0.0,0.0,0.15621,0.0,0.0,0.08955,0.0,0.0,0.0,0.0,0.0,0.0,0.0,0.0,0.0,0.0,0.0
A0A3Q7FTS6,0.17868,0.14896,0.14896,0.0,0.0,0.0,0.09811,0.0,0.0,0.0,0.0,0.0,0.04116,0.0,0.0,0.0,0.0,0.0,0.0,0.0,0.0,0.0,0.0,0.0,0.0,0.0,0.0
A0A3Q7FTZ2,0.0,0.0,0.0,0.0,0.0,0.0,0.0,0.0,0.0,0.0,0.0,0.0,0.01445,0.0,0.0,0.02198,0.0,0.0,0.0,0.0,0.0,0.0,0.0,0.0,0.0,0.0,0.0
A0A3Q7FU69,0.0,0.0,0.0,0.0,0.0,0.0,0.06748,0.0,0.0,0.0,0.0,0.0,0.0,0.0,0.0,0.01623,0.0,0.0,0.0,0.0,0.0,0.0,0.0,0.0,0.0,0.0,0.0
A0A3Q7FU99,0.0,0.0,0.0,0.0,0.0,0.0,0.0,0.0,0.0,0.0,0.0,0.0,0.0,0.0,0.0,0.0,0.0,0.0,0.0,0.0,0.0,0.05497,0.02748,0.0,0.0,0.0,0.0
A0A3Q7FUJ4,0.0,0.0,0.0,0.0,0.0,0.0,0.0,0.0,0.0,0.0,0.0,0.0,0.0,0.0,0.0,0.04132,0.0,0.0,0.0,0.0,0.0,0.0,0.0,0.0,0.0,0.0,0.0
A0A3Q7FUV3,0.0,0.0,0.0,0.0,0.0,0.0,0.0,0.0,0.0,0.0,0.0,0.0,0.0,0.0,0.0,0.01956,0.0,0.0,0.0,0.0,0.0,0.0,0.0,0.0,0.0,0.0,0.0
A0A3Q7FUW9,0.0,0.0,0.0,0.0,0.0,0.0,0.0,0.0,0.0,0.0,0.0,0.0,0.052,0.0,0.0,0.04754,0.0,0.0,0.0,0.0,0.0,0.0,0.0,0.0,0.0,0.0,0.0
A0A3Q7FVH0,0.0,0.0,0.0,0.0,0.0,0.0,0.0,0.0,0.0,0.0,0.0,0.0,0.13412,0.46871,0.0,0.07689,0.36893,0.0,0.0,0.0,0.0,0.0,0.0,0.0,0.0,0.0,0.0
A0A3Q7FVL0,0.0,0.0,0.0,0.0,0.0,0.0,0.0,0.0,0.0,0.0,0.0,0.0,0.09396,0.0,0.0,0.13284,0.0,0.0,0.0,0.0,0.0,0.0,0.0,0.0,0.0,0.0,0.0
A0A3Q7FVP3,0.0,0.0,0.0,0.0,0.0,0.0,0.6758,0.0,0.0,0.0,0.0,0.0,0.39253,0.0,0.0,0.51064,0.0,0.0,0.0,0.0,0.0,0.0,0.0,0.0,0.0,0.0,0.0
A0A3Q7FW21,0.95029,0.17024,0.17024,0.0,0.0,0.0,0.20341,0.0,0.54591,0.0,0.0,0.0,0.03895,0.0,0.0,0.16392,0.15519,0.0,0.29387,0.29387,0.29387,0.11232,0.12072,0.12913,0.0,0.0,0.0
A0A3Q7FW72,0.0,0.0,0.0,0.0,0.0,0.0,0.0,0.0,0.0,0.0,0.0,0.0,0.0,0.0,0.0,0.64221,0.0,0.0,0.0,0.0,0.0,0.0,0.0,0.0,0.0,0.0,0.0
A0A3Q7FW96,0.0,0.15792,0.15792,0.0,0.0,0.0,0.06748,0.0,0.0,0.0,0.0,0.0,0.0,0.09893,0.0,0.03464,0.07787,0.0,0.0,0.0,0.0,0.10331,0.17636,0.24941,0.0,0.0,0.0
A0A3Q7FWB5,0.0,0.0,0.0,0.0,0.0,0.0,0.06939,0.0,0.0,0.0,0.0,0.0,0.0,0.0,0.0,0.0259,0.0,0.0,0.0,0.0,0.0,0.06872,0.03436,0.0,0.0,0.0,0.0
A0A3Q7FWE8,0.0,0.0,0.0,0.0,0.0,0.0,0.09668,0.0,0.0,0.0,0.0,0.0,0.06385,0.0,0.0,0.14861,0.0,0.0,0.0,0.0,0.0,0.2109,0.10545,0.0,0.0,0.0,0.0
A0A3Q7FWK4,0.0,0.0,0.0,0.0,0.0,0.0,0.0,0.0,0.0,0.0,0.0,0.0,0.0,0.0,0.0,0.02233,0.0,0.0,0.0,0.0,0.0,0.0,0.0,0.0,0.0,0.0,0.0
A0A3Q7FWM7,0.0,0.0,0.0,0.0,0.0,0.0,0.0,0.0,0.0,0.0,0.0,0.0,0.052,0.0,0.0,0.06734,0.0,0.0,0.0,0.0,0.0,0.0,0.0,0.0,0.0,0.0,0.0
A0A3Q7FWZ9,0.0,0.0,0.0,0.0,0.0,0.0,0.0,0.0,0.0,0.0,0.0,0.0,0.0,0.0,0.0,0.04339,0.0,0.0,0.0,0.0,0.0,0.10047,0.05024,0.0,0.0,0.0,0.0
A0A3Q7FX31,0.0,0.0,0.0,0.0,0.0,0.0,0.0,0.0,0.0,0.0,0.0,0.0,0.0,0.0,0.0,0.02981,0.0,0.0,0.0,0.0,0.0,0.0,0.0,0.0,0.0,0.0,0.0
A0A3Q7FX41,0.0,0.0,0.0,0.0,0.0,0.0,0.0,0.0,0.0,0.0,0.0,0.0,0.0,0.0,0.0,0.0,0.0,0.0,0.0,0.0,0.0,0.06113,0.03056,0.0,0.0,0.0,0.0
A0A3Q7FX57,0.81384,0.41329,0.41329,0.0,0.0,1.03712,0.0,0.0,1.79859,0.0,0.0,0.0,0.715,0.68343,3.01969,0.15079,0.28719,0.0,0.25752,0.25752,0.25752,0.94836,0.9341,0.91983,0.0,0.0,0.0
A0A3Q7FX70,0.0,0.0,0.0,0.0,0.0,0.0,0.0,0.0,0.0,0.0,0.0,0.0,0.0,0.0,0.0,0.04754,0.0,0.0,0.0,0.0,0.0,0.0,0.0,0.0,0.0,0.0,0.0
A0A3Q7FX71,0.0,0.07504,0.07504,0.0,0.0,0.0,0.0,0.0,0.0,0.0,0.0,0.0,0.0,0.0,0.0,0.0,0.0,0.0,0.0,0.0,0.0,0.04834,0.02417,0.0,0.0,0.0,0.0
A0A3Q7FXP7,0.0,0.0,0.0,0.0,0.0,0.0,0.0,0.0,0.0,0.0,0.0,0.0,0.0,0.0,0.0,0.06216,0.0,0.0,0.0,0.0,0.0,0.0,0.0,0.0,0.0,0.0,0.0
A0A3Q7FXR6,0.0,0.0,0.0,0.0,0.0,0.0,0.0,0.0,0.0,0.0,0.0,0.0,0.0,0.0,0.0,0.08069,0.0,0.0,0.0,0.0,0.0,0.0,0.0,0.0,0.0,0.0,0.0
A0A3Q7FXU4,0.0,0.0,0.0,0.0,0.0,0.0,0.13975,0.0,0.0,0.0,0.0,0.0,0.05862,0.0,0.0,0.0,0.0,0.0,0.0,0.0,0.0,0.0,0.0,0.0,0.0,0.0,0.0
A0A3Q7FXZ8,0.0,0.0,0.0,0.0,0.0,0.0,0.0,0.0,0.0,0.0,0.0,0.0,0.0,0.0,0.0,0.03361,0.0,0.0,0.0,0.0,0.0,0.0,0.0,0.0,0.0,0.0,0.0
A0A3Q7FY03,0.40285,0.0,0.0,0.0,0.0,0.0,0.0,0.0,0.0,0.0,0.0,0.0,0.0,0.0,0.0,0.0,0.0,0.0,0.0,0.0,0.0,0.11042,0.05521,0.0,0.0,0.0,0.0
A0A3Q7FY19,0.0,0.0,0.0,0.0,0.0,0.0,0.0,0.0,0.0,0.0,0.0,0.0,0.0,0.0,0.0,0.02555,0.0,0.0,0.0,0.0,0.0,0.0,0.0,0.0,0.0,0.0,0.0
A0A3Q7FY79,0.0,0.0,0.0,0.0,0.0,0.0,0.0,0.0,0.0,0.0,0.0,0.0,0.04919,0.0,0.0,0.04477,0.0,0.0,0.0,0.0,0.0,0.0,0.0,0.0,0.0,0.0,0.0
A0A3Q7FYB9,0.0,0.0,0.0,0.0,0.0,0.0,0.0,0.0,0.0,0.0,0.0,0.0,0.0,0.0,0.0,0.0358,0.0,0.0,0.0,0.0,0.0,0.0,0.0,0.0,0.0,0.0,0.0
A0A3Q7FYD2,0.49382,0.0,0.0,0.0,0.0,0.0,0.0,0.0,0.0,0.0,0.0,0.0,0.0,0.0,0.0,0.0,0.83506,0.0,0.0,0.0,0.0,0.0,0.0,0.0,0.0,0.0,0.0
A0A3Q7FYH4,0.17543,0.20832,0.20832,0.0,0.0,0.0,0.0,0.0,0.0,0.0,0.0,0.0,0.0,0.0,0.0,0.04685,0.0,0.0,0.28175,0.28175,0.28175,0.19289,0.09645,0.0,0.0,0.0,0.0
A0A3Q7FYL1,0.0,0.0,0.0,0.0,0.0,0.0,0.13975,0.0,0.0,0.0,0.0,0.0,0.09396,0.0,0.0,0.13284,0.0,0.0,0.0,0.0,0.0,0.0,0.0,0.0,0.0,0.0,0.0
A0A3Q7FZ41,0.0,0.0,0.0,0.0,0.0,0.0,0.0,0.0,0.0,0.0,0.0,0.0,0.0,0.0,0.0,0.0,0.14304,0.0,0.0,0.0,0.0,0.0,0.0,0.0,0.0,0.0,0.0
A0A3Q7FZ63,3.00194,0.87139,0.87139,0.0,0.0,2.24553,0.0,0.0,0.0,0.0,0.0,0.0,0.0,0.0,0.0,0.0,0.0,0.0,0.0,0.0,0.0,0.0,0.0,0.0,0.0,0.0,0.0
A0A3Q7FZ65,0.55717,1.29253,1.29253,0.0,0.0,2.70777,9.83267,0.0,0.0,0.0,0.0,0.0,1.80708,4.07884,0.0,5.228,0.0,0.0,1.74811,1.74811,1.74811,1.7261,4.08423,6.44236,0.0,0.0,0.0
A0A3Q7FZA2,0.0,0.0,0.0,0.0,0.0,0.0,0.0,0.0,0.0,0.0,0.0,0.0,0.0,0.0,0.0,0.12443,0.0,0.0,0.0,0.0,0.0,0.0,0.0,0.0,0.0,0.0,0.0
A0A3Q7FZG5,0.0,0.0,0.0,0.0,0.0,0.0,0.0,0.0,0.0,0.0,0.0,0.0,0.0,0.0,0.0,0.07919,0.12868,0.0,0.0,0.0,0.0,0.0,0.0,0.0,0.0,0.0,0.0
A0A3Q7FZI2,0.0,0.0,0.0,0.0,0.0,0.0,0.22399,0.0,0.0,0.0,0.0,0.0,0.0,0.0,0.0,0.20524,0.25847,0.0,0.44233,0.44233,0.44233,0.0,0.0,0.0,0.0,0.0,0.0
A0A3Q7FZI5,0.0,0.43569,0.43569,0.0,0.0,0.91275,0.61071,0.0,0.0,0.0,0.0,0.0,0.0781,0.0,0.0,0.71335,0.0,0.0,1.4103,1.4103,1.4103,0.0,0.0,0.0,0.0,0.0,0.0
A0A3Q7FZP1,0.0,0.0,0.0,0.0,0.0,0.0,0.0,0.0,0.0,0.0,0.0,0.0,0.03734,0.0,0.0,0.02141,0.0,0.0,0.0,0.0,0.0,0.0,0.0,0.0,0.0,0.0,0.0
A0A3Q7FZQ7,0.0,0.0,0.0,0.0,0.0,0.0,0.0,0.0,0.0,0.0,0.0,0.0,0.0,0.0,0.0,0.04639,0.0,0.0,0.0,0.0,0.0,0.0,0.0,0.0,0.0,0.0,0.0
A0A3Q7FZW9,0.0,0.0,0.0,0.0,0.0,0.0,0.0,0.0,0.0,0.0,0.0,0.0,0.0,0.0,0.0,0.0358,0.0,0.0,0.0,0.0,0.0,0.0,0.0,0.0,0.0,0.0,0.0
A0A3Q7G067,0.0,0.0,0.0,0.0,0.0,0.0,0.0,0.0,0.0,0.0,0.0,0.0,0.29073,0.6287,0.0,0.13284,0.25847,0.0,0.44233,0.44233,0.44233,0.42465,0.47059,0.51652,0.0,0.0,0.0
A0A3Q7G087,0.36062,0.14896,0.14896,0.0,0.0,0.31207,0.06365,0.0,0.0,0.0,0.0,0.0,0.09095,0.09332,0.0,0.07424,0.07345,0.0,0.0,0.0,0.0,0.35593,0.29559,0.23526,0.0,0.0,0.0
A0A3Q7G0C7,0.0,0.0,0.0,0.0,0.0,0.0,0.0,0.0,0.0,0.0,0.0,0.0,0.0,0.0,0.0,0.07689,0.0,0.0,0.0,0.0,0.0,0.0,0.0,0.0,0.0,0.0,0.0
A0A3Q7G0N6,0.0,0.0,0.0,0.0,0.0,0.0,0.0,0.0,0.0,0.0,0.0,0.0,0.06706,0.0,0.0,0.0244,0.0,0.0,0.0,0.0,0.0,0.0,0.0,0.0,0.0,0.0,0.0
A0A3Q7G0R2,0.0,0.0,0.0,0.0,0.0,0.0,0.0,0.0,0.0,0.0,0.0,0.0,0.0,0.0,0.0,0.03844,0.0,0.0,0.0,0.0,0.0,0.0,0.0,0.0,0.0,0.0,0.0
A0A3Q7G0T6,0.0,0.0,0.0,0.0,0.0,0.49744,0.0,0.0,0.0,0.0,0.0,0.0,0.0,0.0,0.0,0.0,0.0,0.0,0.0,0.0,0.0,0.15829,0.07914,0.0,0.0,0.0,0.0
A0A3Q7G195,0.0,0.27441,0.27441,0.0,0.0,0.0,0.0,0.0,0.0,0.0,0.0,0.0,0.0,0.0,0.0,0.0,0.0,0.0,0.0,0.0,0.0,0.0,0.0,0.0,0.0,0.0,0.0
A0A3Q7G251,0.0,0.0,0.0,0.0,0.0,0.0,0.0,0.0,0.0,0.0,0.0,0.0,0.0,0.0,0.0,0.0366,0.0,0.0,0.0,0.0,0.0,0.0,0.0,0.0,0.0,0.0,0.0
A0A3Q7G344,0.29889,0.0,0.0,0.0,0.0,0.0,0.0,0.0,0.0,0.0,0.0,0.0,0.0,0.0,0.0,0.0,0.0,0.0,0.0,0.0,0.0,0.0,0.0,0.0,0.0,0.0,0.0
A0A3Q7G376,0.0,0.23744,0.23744,0.0,0.0,0.0,0.0,0.0,0.0,0.0,0.0,0.0,0.04256,0.14875,2.74753,0.03844,0.0,0.0,0.50595,0.50595,0.50595,0.29195,0.14597,0.0,0.0,0.0,0.0
A0A3Q7G3R4,0.0,0.0,0.0,0.0,0.0,0.0,0.0,0.0,0.0,0.0,0.0,0.0,0.0,0.0,0.0,0.14861,0.0,0.0,0.0,0.0,0.0,0.15071,0.07536,0.0,0.0,0.0,0.0
A0A3Q7G4Y3,0.0,0.0,0.0,0.0,0.0,0.0,0.0,0.0,0.0,0.0,0.0,0.0,0.0,0.0,0.0,0.03533,0.0,0.0,0.0,0.0,0.0,0.0,0.0,0.0,0.0,0.0,0.0
A0A3Q7G505,0.0,0.0,0.0,0.0,0.0,0.0,0.0,0.0,0.0,0.0,0.0,0.0,0.11746,0.0,0.0,0.06734,0.0,0.0,0.0,0.0,0.0,0.0,0.0,0.0,0.0,0.0,0.0
A0A3Q7G528,0.0,0.0,0.0,0.0,0.0,0.0,0.0,0.0,0.0,0.0,0.0,0.0,0.07409,0.0,0.0,0.07919,0.0,0.0,0.35295,0.35295,0.35295,0.0,0.0,0.0,0.0,0.0,0.0
A0A3Q7G5A8,0.0,0.0,0.0,0.0,0.0,0.0,0.0,0.0,0.0,0.0,0.0,0.0,0.0,0.0,0.0,0.04477,0.0,0.0,0.0,0.0,0.0,0.0,0.0,0.0,0.0,0.0,0.0
A0A3Q7G5P1,0.69038,0.0,0.0,0.0,0.0,0.0,0.19766,0.0,0.0,0.0,0.0,0.0,0.24877,0.18173,0.0,0.20927,0.14304,0.0,0.0,0.0,0.0,0.19573,0.32693,0.45814,0.0,0.0,0.0
A0A3Q7G5T0,0.0,0.0,0.0,0.0,0.0,0.0,0.0,0.0,0.0,0.0,0.0,0.0,0.03453,0.0,0.0,0.05606,0.0,0.0,0.0,0.0,0.0,0.0,0.0,0.0,0.0,0.0,0.0
A0A3Q7G5V9,0.0,0.0,0.0,0.0,0.0,0.0,0.8055,0.0,0.0,0.0,0.0,0.0,0.0,0.0,0.0,0.19373,0.0,0.0,0.0,0.0,0.0,0.44124,0.22062,0.0,0.0,0.0,0.0
A0A3Q7G5Y8,0.0,0.0,0.0,0.0,0.0,0.0,0.0,0.0,0.0,0.0,0.0,0.0,0.0,0.0,0.0,0.0,0.0,0.0,0.0,0.0,0.0,0.44124,0.22062,0.0,0.0,0.0,0.0
A0A3Q7G6Z5,0.0,0.0,0.0,0.0,0.0,0.0,0.0,0.0,0.0,0.0,0.0,0.0,0.0,0.0,0.0,0.02981,0.0,0.0,0.0,0.0,0.0,0.0,0.0,0.0,0.0,0.0,0.0
A0A3Q7G720,0.0,0.0,0.0,0.0,0.0,0.0,0.11726,0.0,0.0,0.0,0.0,0.0,0.0,0.0,0.0,0.04477,0.0,0.0,0.0,0.0,0.0,0.0,0.0,0.0,0.0,0.0,0.0
A0A3Q7G727,0.0,0.0,0.0,0.0,0.0,0.0,0.0,0.0,0.0,0.0,0.0,0.0,0.07027,0.0,0.0,0.0,0.1226,0.0,0.0,0.0,0.0,0.0,0.0,0.0,0.0,0.0,0.0
A0A3Q7G7H8,0.0,0.29009,0.29009,0.0,0.0,0.0,0.12396,0.0,0.0,0.0,0.0,0.0,0.15621,0.28979,0.0,0.20927,0.42968,0.0,0.88617,0.88617,0.88617,0.27725,0.13862,0.0,0.0,0.0,0.0
A0A3Q7G7S9,0.0,0.0,0.0,0.0,0.0,0.0,0.0,0.0,0.0,0.0,0.0,0.0,0.0,0.0,0.0,0.00437,0.0,0.0,0.0,0.0,0.0,0.018,0.009,0.0,0.0,0.0,0.0
A0A3Q7G7T0,0.0,0.0,0.0,0.0,0.0,0.0,0.09811,0.0,0.0,0.0,0.0,0.0,0.0,0.0,0.0,0.0,0.0,0.0,0.0,0.0,0.0,0.0,0.0,0.0,0.0,0.0,0.0
A0A3Q7G7Y1,0.0,0.0,0.0,0.0,0.0,0.0,0.0,0.0,0.0,0.0,0.0,0.0,0.02489,0.03578,0.0,0.00794,0.0,0.0,0.0,0.0,0.0,0.05876,0.02938,0.0,0.0,0.0,0.0
A0A3Q7G863,0.0,0.0,0.0,0.0,0.0,0.0,0.0,0.0,0.0,0.0,0.0,0.0,0.0,0.0,0.0,0.09347,0.0,0.0,0.0,0.0,0.0,0.0,0.0,0.0,0.0,0.0,0.0
A0A3Q7G8G0,0.0,0.0,0.0,0.0,0.0,0.0,0.0,0.0,0.0,0.0,0.0,0.0,0.0,0.0,0.0,0.0,0.0,0.0,0.0,0.0,0.0,0.07867,0.03934,0.0,0.0,0.0,0.0
A0A3Q7G8S3,0.0,0.0,0.0,0.0,0.0,0.0,0.0,0.0,0.0,0.0,0.0,0.0,0.01987,0.0,0.0,0.06054,0.0,0.0,0.0,0.0,0.0,0.0,0.0,0.0,0.0,0.0,0.0
A0A3Q7G8V6,0.0,0.0,0.0,0.0,0.0,0.0,0.55232,0.0,0.0,0.0,0.0,0.0,0.4341,2.5555,0.0,0.13284,0.63734,0.0,0.0,0.0,0.0,0.54693,0.27347,0.0,0.0,0.0,0.0
A0A3Q7G9B3,0.0,0.0,0.0,0.0,0.0,0.0,0.0,0.0,0.0,0.0,0.0,0.0,0.0,0.0,0.0,0.0,0.0,0.0,0.0,0.0,0.0,0.05924,0.02962,0.0,0.0,0.0,0.0
A0A3Q7G9D1,0.31513,0.0,0.0,0.0,0.0,0.0,0.0,0.0,0.0,0.0,0.0,0.0,0.0,0.24558,0.0,0.0,0.0,0.0,0.0,0.0,0.0,0.0,0.0,0.0,0.0,0.0,0.0
A0A3Q7G9X1,0.0,0.0,0.0,0.0,0.0,0.0,0.0,0.0,0.0,1.08284,0.0,0.0,0.0,1.06093,0.0,0.0,0.83506,0.0,0.0,0.0,0.0,0.0,0.0,0.0,0.0,0.0,0.0
A0A3Q7GA27,0.0,0.0,0.0,0.0,0.0,0.0,0.0,0.0,0.0,0.0,0.0,0.0,0.0,0.0,0.0,0.06734,0.0,0.0,0.0,0.0,0.0,0.0,0.0,0.0,0.0,0.0,0.0
A0A3Q7GAH8,0.0,0.0,0.0,0.0,0.0,0.0,0.0,0.0,0.0,0.0,0.0,0.0,0.03895,0.0,0.0,0.16392,0.38715,0.0,0.0,0.0,0.0,0.0,0.0,0.0,0.0,0.0,0.0
A0A3Q7GAU9,0.0,0.0,0.0,0.0,0.0,0.0,0.0,0.0,0.0,0.0,0.0,0.0,0.0,0.20488,0.0,0.07689,0.0,0.0,0.0,0.0,0.0,0.0,0.0,0.0,0.0,0.0,0.0
A0A3Q7GAX3,0.0,0.0,0.0,0.0,0.0,0.0,0.0,0.0,0.0,0.0,0.0,0.0,0.03594,0.0,0.0,0.07344,0.09886,0.0,0.27115,0.27115,0.27115,0.08483,0.04242,0.0,0.0,0.0,0.0
A0A3Q7GAX9,0.0,1.01364,1.01364,0.0,0.0,0.0,0.21298,0.0,0.0,2.011,13.93103,4.57427,0.18171,0.41048,2.61793,0.23252,0.24577,0.0,0.67409,0.67409,0.67409,0.09573,0.44144,0.78716,0.0,0.0,0.0
A0A3Q7GAZ9,0.0,0.0,0.0,0.0,0.0,0.0,0.0,0.0,0.0,0.0,0.0,0.0,0.0,0.0,0.0,0.05767,0.0,0.0,0.0,0.0,0.0,0.0,0.0,0.0,0.0,0.0,0.0
A0A3Q7GB69,1.87459,0.37409,0.37409,0.0,0.0,0.0,0.07418,0.0,0.0,0.0,0.0,1.69836,0.04838,0.0,0.0,0.0,0.0,0.0,0.65592,0.65592,0.65592,0.25593,0.26505,0.27418,0.0,0.0,0.0
A0A3Q7GB74,0.0,0.0,0.0,0.0,0.0,0.0,0.13114,0.0,0.0,0.0,0.0,0.0,0.05501,0.19225,0.0,0.09588,0.0,0.0,0.0,0.0,0.0,0.12986,0.06493,0.0,0.0,0.0,0.0
A0A3Q7GBL5,0.0,0.0,0.0,0.0,0.0,0.0,0.0,0.0,0.0,0.0,0.0,0.0,0.03734,0.0,0.0,0.02141,0.0,0.0,0.0,0.0,0.0,0.0,0.0,0.0,0.0,0.0,0.0
A0A3Q7GBW7,0.0,0.0,0.0,0.0,0.0,0.0,0.05934,0.0,0.0,0.0,0.0,0.0,0.02489,0.0,0.0,0.01945,0.0,0.0,0.0,0.0,0.0,0.0,0.0,0.0,0.0,0.0,0.0
A0A3Q7GC36,0.0,0.0,0.0,0.0,0.0,0.0,0.0,0.0,0.0,0.0,0.0,0.0,0.0,0.0,0.0,0.02555,0.0,0.0,0.0,0.0,0.0,0.0,0.0,0.0,0.0,0.0,0.0
A0A3Q7GCI2,0.0,0.0,0.0,0.0,0.0,0.0,0.0,0.0,0.0,0.0,0.0,0.0,0.0,0.0,0.0,0.0,0.0,0.0,0.0,0.0,0.0,0.03838,0.01919,0.0,0.0,0.0,0.0
A0A3Q7GCM6,0.0,0.0,0.0,0.0,0.0,0.0,0.0,0.0,0.0,0.0,0.0,0.0,0.0,0.0,0.0,0.06734,0.0,0.0,0.0,0.0,0.0,0.0,0.0,0.0,0.0,0.0,0.0
A0A3Q7GCR0,0.0,0.0,0.0,0.0,0.0,0.0,0.0,0.0,0.0,0.0,0.0,0.0,0.1044,0.0,0.0,0.07919,0.0,0.0,0.0,0.0,0.0,0.11042,0.05521,0.0,0.0,0.0,0.0
A0A3Q7GD18,0.79109,0.77619,0.77619,6.50669,7.58472,0.70627,0.64708,1.63554,1.46714,0.2793,0.0,0.0,0.45538,0.41048,1.82737,0.66063,0.83506,0.0,0.88617,0.88617,0.88617,0.56968,0.55106,0.53244,0.0,0.0,0.0
A0A3Q7GDA5,0.0,0.0,0.0,0.0,0.0,0.0,0.0,0.0,0.0,0.0,0.0,0.0,0.0,0.0,0.0,0.04754,0.0,0.0,0.0,0.0,0.0,0.0,0.0,0.0,0.0,0.0,0.0
A0A3Q7GDF2,0.0,0.0,0.0,0.0,0.0,0.0,0.0,0.0,0.0,0.0,0.0,0.0,0.0,0.0,0.0,0.0,0.0,0.0,0.54382,0.54382,0.54382,0.0,0.0,0.0,0.0,0.0,0.0
A0A3Q7GDG7,1.45549,0.58242,0.58242,0.0,12.53362,2.53648,1.82161,0.0,1.79859,0.0,0.0,8.35597,0.58208,0.61326,0.0,0.9216,0.7235,0.0,1.63753,1.63753,1.63753,1.19007,0.92139,0.65272,0.0,3.89808,3.89808
A0A3Q7GDJ7,0.0,0.21728,0.21728,0.0,0.0,0.0,0.0,0.0,0.0,0.0,0.0,0.0,0.03895,0.0,0.0,0.03499,0.0,0.0,0.0,0.0,0.0,0.0,0.0,0.0,0.0,0.0,0.0
A0A3Q7GDK7,0.0,0.0,0.0,0.0,0.0,0.0,0.0,0.0,0.0,0.0,0.0,0.0,0.06043,0.0,0.0,0.01623,0.0,0.0,0.0,0.0,0.0,0.0,0.0,0.0,0.0,0.0,0.0
A0A3Q7GDS0,0.0,0.0,0.0,0.0,0.0,0.0,0.0,0.0,0.0,0.0,0.0,0.0,0.0,0.0,0.0,0.02325,0.0,0.0,0.0,0.0,0.0,0.0,0.0,0.0,0.0,0.0,0.0
A0A3Q7GE36,0.0,0.0,0.0,0.0,0.0,0.0,0.08902,0.0,0.0,0.0,0.0,0.0,0.0,0.0,0.0,0.07689,0.0,0.0,0.0,0.0,0.0,0.0,0.0,0.0,0.0,0.0,0.0
A0A3Q7GEU9,0.0,0.0,0.0,0.0,0.0,0.0,0.0,0.0,0.0,0.0,0.0,0.0,0.0,0.0,0.0,0.0206,0.0,0.0,0.0,0.0,0.0,0.0,0.0,0.0,0.0,0.0,0.0
A0A3Q7GEV3,0.0,0.0,0.0,0.0,0.0,0.0,0.0,0.0,0.0,0.0,0.0,0.0,0.0,0.0,0.0,0.0358,0.0,0.0,0.0,0.0,0.0,0.0,0.0,0.0,0.0,0.0,0.0
A0A3Q7GF14,0.0,0.0,0.0,0.0,0.0,0.0,0.0,0.0,0.0,0.0,0.0,0.0,0.06465,0.0,0.0,0.048,0.0,0.0,0.0,0.0,0.0,0.0,0.0,0.0,0.0,0.0,0.0
A0A3Q7GFD0,0.0,0.0,0.0,0.0,0.0,0.0,0.11726,0.0,0.0,0.0,0.0,0.0,0.0,0.0,0.0,0.04477,0.0,0.0,0.0,0.0,0.0,0.11611,0.05806,0.0,0.0,0.0,0.0
A0A3Q7GG46,0.0,0.0,0.0,0.0,0.0,0.0,0.27999,0.0,0.0,0.0,0.0,0.0,0.0,0.0,0.0,0.0,0.0,0.0,0.0,0.0,0.0,0.0,0.0,0.0,0.0,0.0,0.0
A0A3Q7GGD9,0.0,0.0,0.0,0.0,0.0,0.0,0.0,0.0,0.0,0.0,0.0,0.0,0.0,0.0,0.0,0.013,0.0,0.0,0.0,0.0,0.0,0.0,0.0,0.0,0.0,0.0,0.0
A0A3Q7GGP4,0.0,0.0,0.0,0.0,0.0,0.0,0.10768,0.0,0.0,0.0,0.0,0.0,0.12187,0.0,0.0,0.08276,0.0,0.0,0.0,0.0,0.0,0.10663,0.05332,0.0,0.0,0.0,0.0
A0A3Q7GH03,0.0,0.0,0.0,0.0,0.0,0.0,0.0,0.0,0.0,0.0,0.0,0.0,0.0,0.0,0.0,0.00725,0.0,0.0,0.0,0.0,0.0,0.0,0.0,0.0,0.0,0.0,0.0
A0A3Q7GH43,0.0,0.1736,0.1736,0.0,0.0,0.0,0.11534,0.0,0.0,0.0,0.0,0.0,0.13151,0.10875,0.0,0.12132,0.18446,0.0,0.36507,0.36507,0.36507,0.07346,0.03673,0.0,0.0,0.0,0.0
A0A3Q7GHE2,0.0,0.0,0.0,0.0,0.0,0.0,0.0,0.0,0.0,0.0,0.0,0.0,0.0,0.0,0.0,0.0191,0.0,0.0,0.0,0.0,0.0,0.0,0.0,0.0,0.0,0.0,0.0
A0A3Q7GHG2,0.0,0.0,0.0,0.0,0.0,0.0,0.0,0.0,0.0,0.0,0.0,0.0,0.0259,0.0,0.0,0.0,0.0,0.0,0.0,0.0,0.0,0.0,0.0,0.0,0.0,0.0,0.0
A0A3Q7GHV9,0.0,0.0,0.0,0.0,0.0,0.0,0.0,0.0,0.0,0.0,0.0,0.0,0.06244,0.0,0.0,0.0,0.0,0.0,0.0,0.0,0.0,0.0,0.0,0.0,0.0,0.0,0.0
A0A3Q7GJ82,0.0,0.0,0.0,0.0,0.0,0.0,0.0,0.0,0.0,0.0,0.0,0.0,0.04457,0.0,0.0,0.05663,0.0,0.0,0.0,0.0,0.0,0.0,0.0,0.0,0.0,0.0,0.0
A0A3Q7GJA8,0.0,0.0,0.0,0.0,0.0,0.0,0.0,0.0,0.0,0.0,0.0,0.0,0.12368,0.0,0.0,0.11016,0.0,0.0,0.0,0.0,0.0,0.54693,0.27347,0.0,0.0,0.0,0.0
A0A3Q7GJG3,0.59291,0.0,0.0,0.0,0.0,0.0,0.0,0.0,0.0,0.0,0.0,0.0,0.0,0.0,0.0,0.0,0.0,0.0,0.0,0.0,0.0,0.0,0.0,0.0,0.0,0.0,0.0
A0A3Q7GJK2,0.0,0.0,0.0,0.0,0.0,0.0,0.0,0.0,0.0,0.0,0.0,0.0,0.09396,0.0,0.0,0.05387,0.0,0.0,0.0,0.0,0.0,0.0,0.0,0.0,0.0,0.0,0.0
A0A3Q7GKD7,0.76023,0.2296,0.2296,0.0,0.0,0.0,0.0,0.0,0.0,0.0,0.0,0.0,0.10962,0.0,0.0,0.04201,0.11322,0.0,0.20147,0.20147,0.20147,0.09715,0.1662,0.23526,0.0,0.0,0.0
A0A3Q7GKL8,0.0,0.0,0.0,0.0,0.0,0.0,0.0,0.0,0.0,0.0,0.0,0.0,0.01987,0.0,0.0,0.01738,0.0,0.0,0.0,0.0,0.0,0.07156,0.03578,0.0,0.0,0.0,0.0
A0A3Q7GKS5,0.0,0.65522,0.65522,0.0,0.0,0.0,0.0,0.0,0.0,0.0,0.0,0.0,0.2317,0.2519,0.0,0.34315,0.0,0.0,0.54382,0.54382,0.54382,0.0,0.31751,0.63503,0.0,0.0,0.0
A0A3Q7GKU3,0.0,0.65522,0.65522,0.0,0.0,0.0,0.47622,0.0,0.0,0.0,0.0,0.0,0.0,0.0,0.0,0.0,0.32309,0.0,0.88617,0.88617,0.88617,0.27725,0.13862,0.0,0.0,0.0,0.0
A0A3Q7GLK1,0.0,0.0,0.0,0.0,0.0,0.0,0.10146,0.0,0.0,0.0,0.0,0.0,0.04256,0.14875,0.0,0.03844,0.0,0.0,0.0,0.0,0.0,0.10047,0.05024,0.0,0.0,0.0,0.0
A0A3Q7GLM4,0.0,0.0,0.0,0.0,0.0,0.0,0.0,0.0,0.0,0.0,0.0,0.0,0.0,0.0,0.0,0.0,0.0,0.0,0.0,0.0,0.0,0.0872,0.0436,0.0,0.0,0.0,0.0
A0A3Q7GLX5,0.0,0.0,0.0,0.0,0.0,0.0,0.0,0.0,0.0,0.0,0.0,0.0,0.1281,0.0,0.0,0.0,0.0,0.0,0.0,0.0,0.0,0.0,0.0,0.0,0.0,0.0,0.0
A0A3Q7GM08,0.0,0.0,0.0,0.0,0.0,0.0,0.12396,0.0,0.0,0.0,0.0,0.0,0.0,0.0,0.0,0.02981,0.0,0.0,0.39234,0.39234,0.39234,0.07867,0.03934,0.0,0.0,0.0,0.0
A0A3Q7GM81,0.0,0.0,0.0,0.0,0.0,0.0,0.0,0.0,0.0,0.0,0.0,0.0,0.0,0.0,0.0,0.0,0.0,0.0,0.24237,0.24237,0.24237,0.0,0.0,0.0,0.0,0.0,0.0
A0A3Q7GM93,1.2638,0.33265,0.33265,5.44531,4.14201,0.93153,0.32641,1.85593,1.93507,2.51375,5.31034,1.74365,0.09035,0.20839,1.52928,0.07148,0.19109,1.152,0.76498,0.76498,0.76498,0.48579,0.50557,0.52536,5.54355,9.53832,9.53832
A0A3Q7GMM2,0.0,0.0,0.0,0.0,0.0,0.0,0.20963,0.0,0.0,0.0,0.0,0.0,0.0,0.0,0.0,0.0,0.0,0.0,0.0,0.0,0.0,0.0,0.0,0.0,0.0,0.0,0.0
A0A3Q7GMW1,0.0,0.0,0.0,0.0,0.0,0.0,0.0,0.0,0.0,0.0,0.0,0.0,0.01887,0.0,0.0,0.02912,0.0,0.0,0.0,0.0,0.0,0.0,0.0,0.0,0.0,0.0,0.0
A0A3Q7GMW3,0.0,0.0,0.0,0.0,0.0,0.0,0.27999,0.0,0.0,0.0,0.0,0.0,0.0,0.0,0.0,0.0,0.0,0.0,0.0,0.0,0.0,0.0,0.0,0.0,0.0,0.0,0.0
A0A3Q7GMW4,0.0,0.0,0.0,0.0,0.0,0.0,0.0,0.0,0.0,0.0,0.0,0.0,0.0,0.0,0.0,0.07689,0.0,0.0,0.0,0.0,0.0,0.0,0.0,0.0,0.0,0.0,0.0
A0A3Q7GNB3,0.0,0.0,0.0,0.0,0.0,0.0,0.0,0.0,0.0,0.0,0.0,0.0,0.0,0.0,0.0,0.08276,0.0,0.0,0.0,0.0,0.0,0.0,0.0,0.0,0.0,0.0,0.0
A0A3Q7GND4,0.0,0.0,0.0,0.0,0.0,0.0,0.0,0.0,0.0,0.0,0.0,0.0,0.0,0.0,0.0,0.04984,0.0,0.0,0.0,0.0,0.0,0.07346,0.03673,0.0,0.0,0.0,0.0
A0A3Q7GNF0,0.0,0.0,0.0,0.0,0.0,0.0,0.0,0.0,0.0,0.0,0.0,0.0,0.0,0.0,0.0,0.24887,0.0,0.0,0.0,0.0,0.0,0.0,0.0,0.0,0.0,0.0,0.0
A0A3Q7GNF6,0.58317,0.45585,0.45585,0.0,0.0,0.43643,0.31971,0.0,0.0,1.25472,0.0,0.0,0.19636,0.28558,0.0,0.23368,0.10272,0.0,1.0119,1.0119,1.0119,0.38721,0.35811,0.32901,0.0,0.0,0.0
A0A3Q7GNM1,0.0,0.0,0.0,0.0,0.0,0.0,0.0,0.0,0.0,0.0,0.0,0.0,0.0,0.0,0.0,0.03154,0.0,0.0,0.0,0.0,0.0,0.0,0.0,0.0,0.0,0.0,0.0
A0A3Q7GNQ9,0.0,0.0,0.0,0.0,0.0,0.0,0.0,0.0,0.0,0.0,0.0,0.0,0.0,0.0,0.0,0.19373,0.0,0.0,0.0,0.0,0.0,0.0,0.0,0.0,0.0,0.0,0.0
A0A3Q7GNR7,0.0,0.0,0.0,0.0,0.0,0.0,0.0,0.0,0.0,0.0,0.0,0.0,0.11284,0.0,0.0,0.0,0.0,0.0,0.0,0.0,0.0,0.0,0.0,0.0,0.0,0.0,0.0
A0A3Q7GP46,0.0,0.0,0.0,0.0,0.0,0.0,0.05695,0.0,0.0,0.0,0.0,0.0,0.0,0.0,0.0,0.0,0.0,0.0,0.0,0.0,0.0,0.0872,0.0436,0.0,0.0,0.0,0.0
A0A3Q7GP79,0.0,0.0,0.0,0.0,0.0,0.0,0.0,0.0,0.0,0.0,0.0,0.0,0.02329,0.0,0.0,0.00874,0.0,0.0,0.0,0.0,0.0,0.11611,0.12527,0.13443,0.0,0.0,0.0
A0A3Q7GPE5,0.0,0.97892,0.97892,0.0,0.0,0.0,0.0,0.0,0.0,0.0,0.0,0.0,0.17548,0.36487,0.0,0.0,0.4827,0.0,0.0,0.0,0.0,0.24645,0.12323,0.0,0.0,0.0,0.0
A0A3Q7GPU8,0.0,0.0,0.0,0.0,0.0,0.0,0.0,0.0,0.0,0.0,0.0,0.0,0.0259,0.0,0.0,0.0229,0.0,0.0,0.0,0.0,0.0,0.0,0.0,0.0,0.0,0.0,0.0
A0A3Q7GPY6,0.0,0.0,0.0,0.0,0.0,0.0,0.13975,0.0,0.0,0.0,0.0,0.0,0.09396,0.0,0.0,0.05387,0.0,0.0,0.44233,0.44233,0.44233,0.13839,0.0692,0.0,0.0,0.0,0.0
A0A3Q7GQC5,0.0,0.0,0.0,0.0,0.0,0.0,0.0,0.0,0.0,0.0,0.0,0.0,0.03333,0.0,0.0,0.0,0.0,0.0,0.0,0.0,0.0,0.0,0.0,0.0,0.0,0.0,0.0
A0A3Q7GQE6,0.0,0.0,0.0,0.0,0.0,0.0,0.0,0.0,0.0,0.0,0.0,0.0,0.0,0.0,0.0,0.08955,0.0,0.0,0.0,0.0,0.0,0.0,0.0,0.0,0.0,0.0,0.0
A0A3Q7GQM4,0.0,0.0,0.0,0.0,0.0,0.0,0.15985,0.0,0.0,0.0,0.0,0.0,0.06706,0.0,0.0,0.18533,0.18446,0.0,0.32114,0.32114,0.32114,0.10047,0.05024,0.0,0.0,0.0,0.0
A0A3Q7GQR0,0.0,0.0,0.0,0.0,0.0,0.0,0.0,0.0,0.0,0.0,0.0,0.0,0.0,0.0,0.0,0.02981,0.0,0.0,0.0,0.0,0.0,0.0,0.0,0.0,0.0,0.0,0.0
A0A3Q7GQT9,0.0,0.0,0.0,0.0,0.0,0.0,0.0,0.0,0.0,0.0,0.0,0.0,0.0,0.0,0.0,0.02682,0.0,0.0,0.0,0.0,0.0,0.0,0.0,0.0,0.0,0.0,0.0
A0A3Q7GQU3,0.0,0.0,0.0,0.0,0.0,0.0,0.0,0.0,1.19418,0.0,0.0,0.0,0.0,0.0,0.0,0.0,0.0,0.0,0.0,0.0,0.0,0.0,0.0,0.0,0.0,0.0,0.0
A0A3Q7GQZ4,0.0,0.0,0.0,0.0,0.0,0.0,0.0,0.0,0.0,0.0,0.0,0.0,0.0,0.0,0.0,0.03844,0.0,0.0,0.0,0.0,0.0,0.10047,0.05024,0.0,0.0,0.0,0.0
A0A3Q7GR57,0.0,0.0,0.0,0.0,0.0,0.0,0.0,0.0,0.0,0.0,0.0,0.0,0.0,0.0,0.0,0.0206,0.0,0.0,0.0,0.0,0.0,0.0,0.0,0.0,0.0,0.0,0.0
A0A3Q7GRA7,0.0,0.0,0.0,0.0,0.0,0.0,0.0,0.0,0.0,0.0,0.0,0.0,0.06706,0.0,0.0,0.0,0.0,0.0,0.0,0.0,0.0,0.0,0.0,0.0,0.0,0.0,0.0
A0A3Q7GRM6,0.0,0.0,0.0,0.0,0.0,0.0,0.0,0.0,0.0,0.0,0.0,0.0,0.0,0.0,0.0,0.0,0.0,0.0,0.0,0.0,0.0,0.10047,0.05024,0.0,0.0,0.0,0.0
A0A3Q7GRN1,0.0,0.0,0.0,0.0,0.0,0.0,0.0,0.0,0.0,0.0,0.0,0.0,0.01084,0.0,0.0,0.0,0.0,0.0,0.0,0.0,0.0,0.0,0.0,0.0,0.0,0.0,0.0
A0A3Q7GRY0,0.0,0.0,0.0,0.0,0.0,0.0,0.0,0.0,0.0,0.0,0.0,0.0,0.0,0.0,0.0,0.02325,0.0,0.0,0.0,0.0,0.0,0.0,0.0,0.0,0.0,0.0,0.0
A0A3Q7GRY8,0.76023,3.33885,3.33885,0.0,0.0,0.0,0.0,0.0,0.0,0.0,0.0,0.0,0.0,0.0,0.0,0.0,0.0,0.0,0.0,0.0,0.0,0.0,0.0,0.0,0.0,0.0,0.0
A0A3Q7GS13,0.8447,0.26097,0.26097,0.0,0.0,0.0,0.24888,0.0,0.0,0.0,0.0,0.0,0.0,0.10525,1.94401,0.05985,0.17783,0.0,0.63168,0.63168,0.63168,0.11042,0.18788,0.26533,0.0,0.0,0.0
A0A3Q7GSA0,0.0,0.0,0.0,0.0,0.0,0.0,0.0,0.0,0.0,0.0,0.0,0.0,0.0,0.0,0.0,0.04754,0.0,0.0,0.0,0.0,0.0,0.0,0.0,0.0,0.0,0.0,0.0
A0A3Q7GSL2,0.0,0.0,0.0,0.0,0.0,0.0,0.0,0.0,0.0,0.0,0.0,0.0,0.14075,0.0,0.0,0.04892,0.0,0.0,0.0,0.0,0.0,0.0,0.0,0.0,0.0,0.0,0.0
A0A3Q7GST1,0.0,0.0,0.0,0.0,0.0,0.0,0.0,0.0,0.0,0.0,0.0,0.0,0.08794,0.0,0.0,0.03154,0.0,0.0,0.0,0.0,0.0,0.0,0.0,0.0,0.0,0.0,0.0
A0A3Q7GTE7,1.19883,0.0,0.0,0.0,0.0,1.82551,0.29482,0.0,0.0,0.0,0.0,0.0,0.37607,0.14875,0.0,0.59744,0.34021,0.0,0.70894,0.70894,0.70894,0.64977,0.7388,0.82784,0.0,0.0,0.0
A0A3Q7GTM3,0.0,0.0,0.0,0.0,0.0,0.0,0.0,0.0,0.0,0.0,0.0,0.0,0.02068,0.0,0.0,0.0,0.0,0.0,0.0,0.0,0.0,0.10237,0.05119,0.0,0.0,0.0,0.0
A0A3Q7GU88,0.0,0.0,0.0,0.0,0.0,0.0,0.55232,0.0,0.0,0.0,0.0,0.0,0.73126,0.0,0.0,0.57499,0.0,0.0,0.0,0.0,0.0,0.54693,0.27347,0.0,0.0,0.0,0.0
A0A3Q7GU91,0.0,0.0,0.0,0.0,0.0,0.0,0.0,0.0,0.0,0.0,0.0,0.0,0.0,0.0,0.0,0.05387,0.25847,0.0,0.0,0.0,0.0,0.0,0.0,0.0,0.0,0.0,0.0
A0A3Q7GUA2,0.0,0.0,0.0,0.0,0.0,0.0,0.0,0.0,0.0,0.0,0.0,0.0,0.0,0.0,0.0,0.07689,0.0,0.0,0.0,0.0,0.0,0.0,0.0,0.0,0.0,0.0,0.0
A0A3Q7GV32,0.0,1.29253,1.29253,0.0,0.0,0.0,0.0,0.0,0.0,0.0,0.0,0.0,1.16717,1.51702,0.0,0.0,3.21048,0.0,0.0,0.0,0.0,0.0,1.91219,3.82438,0.0,0.0,0.0
A0A3Q7GV49,0.0,0.14112,0.14112,0.0,0.0,0.0,0.0,0.0,0.0,0.0,0.0,0.0,0.0,0.0,0.0,0.0,0.0,0.0,0.0,0.0,0.0,0.0,0.0,0.0,0.0,0.0,0.0
A0A3Q7GVY6,0.0,0.0,0.0,0.0,0.0,0.0,0.0,0.0,0.0,0.0,0.0,0.0,0.0,0.0,0.0,0.0,0.0,0.0,0.0,0.0,0.0,0.04312,0.02156,0.0,0.0,0.0,0.0
A0A3Q7GW64,0.0,0.0,0.0,0.0,0.0,0.0,0.0,0.0,0.0,0.0,0.0,0.0,0.0,0.0,0.0,0.09761,0.0,0.0,0.0,0.0,0.0,0.0,0.0,0.0,0.0,0.0,0.0
A0A3Q7GWK3,0.0,0.0,0.0,0.0,0.0,0.0,0.0,0.0,0.0,0.0,0.0,0.0,0.052,0.0,0.0,0.04754,0.0,0.0,0.0,0.0,0.0,0.0,0.0,0.0,0.0,0.0,0.0
A0A3Q7GWP0,0.0,0.0,0.0,0.0,0.0,0.0,0.22399,0.0,0.0,0.0,0.0,0.0,0.0,0.0,0.0,0.0,0.0,0.0,0.0,0.0,0.0,0.0,0.0,0.0,0.0,0.0,0.0
A0A3Q7GX52,0.0,0.0,0.0,0.0,0.0,0.0,0.0,0.0,0.0,0.0,0.0,0.0,0.0,0.0,0.0,0.03154,0.0,0.0,0.0,0.0,0.0,0.0,0.0,0.0,0.0,0.0,0.0
A0A3Q7GX88,0.0,0.5421,0.5421,0.0,0.0,0.33084,0.06748,0.0,0.68726,1.36644,0.0,0.0,0.0781,0.09893,0.0,0.04477,0.07787,0.0,0.21359,0.21359,0.21359,0.22938,0.11469,0.0,0.0,0.0,0.0
A0A3Q7GX91,0.0,0.0,0.0,0.0,0.0,0.0,0.04834,0.0,0.0,0.0,0.0,0.0,0.0,0.0,0.0,0.04339,0.0,0.0,0.0,0.0,0.0,0.0,0.0,0.0,0.0,0.0,0.0
A0A3Q7GXH5,0.0,0.0,0.0,0.0,0.0,0.0,0.0,0.0,0.0,0.0,0.0,0.0,0.10059,0.0,0.0,0.14435,0.0,0.0,0.0,0.0,0.0,0.0,0.0,0.0,0.0,0.0,0.0
A0A3Q7GXS6,0.0,0.0,0.0,0.0,0.0,0.0,0.0,0.0,0.0,0.0,0.0,0.0,0.15621,0.0,0.0,0.08955,0.0,0.0,0.0,0.0,0.0,0.0,0.0,0.0,0.0,0.0,0.0
A0A3Q7GY20,0.0,0.0,0.0,0.0,0.0,0.0,0.0,0.0,0.0,0.0,0.0,0.0,0.0,0.0,0.0,0.0,0.0,0.0,0.13027,0.13027,0.13027,0.0,0.24765,0.49529,0.0,0.0,0.0
A0A3Q7GY58,0.44509,0.0,0.0,0.0,0.0,0.0,0.0,0.0,0.0,0.0,0.0,0.0,0.0,0.0,0.0,0.01531,0.0,0.0,0.0,0.0,0.0,0.09715,0.04858,0.0,0.0,0.0,0.0
A0A3Q7GY69,0.0,0.0,0.0,0.0,0.0,0.0,0.0,0.0,0.0,0.0,0.0,0.0,0.0,0.0,0.0,0.04477,0.0,0.0,0.0,0.0,0.0,0.0,0.0,0.0,0.0,0.0,0.0
A0A3Q7GYB4,0.0,0.19264,0.19264,0.0,0.0,0.0,0.0,0.0,0.0,0.0,0.0,0.0,0.0,0.0,0.0,0.07021,0.0,0.0,0.0,0.0,0.0,0.0,0.0,0.0,0.0,0.0,0.0
A0A3Q7GYC4,1.87459,0.1904,0.1904,0.0,0.0,0.2581,0.08136,0.0,0.0,0.73049,0.0,0.0,0.31423,0.36487,1.4256,0.13721,0.12868,0.0,0.16663,0.16663,0.16663,0.87585,0.644,0.41215,0.0,0.0,0.0
A0A3Q7GYZ1,0.0,0.0,0.0,0.0,0.0,0.0,0.0,0.0,0.0,0.0,0.0,0.0,0.0,0.0,0.0,0.2156,0.34021,0.0,0.0,0.0,0.0,0.0,0.0,0.0,0.0,0.0,0.0
A0A3Q7GYZ2,0.0,0.0,0.0,0.0,0.0,0.0,0.0,0.0,0.0,0.0,0.0,0.0,0.0,0.0,0.0,0.01484,0.0,0.0,0.0,0.0,0.0,0.0,0.0,0.0,0.0,0.0,0.0
A0A3Q7GZ10,0.0,0.0,0.0,0.0,0.0,0.0,0.0,0.0,0.0,0.0,0.0,0.0,0.18693,0.0,0.0,0.0,0.0,0.0,0.0,0.0,0.0,0.0,0.0,0.0,0.0,0.0,0.0
A0A3Q7GZ60,0.0,0.0,0.0,0.0,0.0,1.09812,0.0,0.0,0.0,0.0,0.0,0.0,0.0,0.0,0.0,0.0,0.0,0.0,0.0,0.0,0.0,0.0,0.0,0.0,0.0,0.0,0.0
A0A3Q7GZI4,0.42072,0.0,0.0,0.0,0.0,0.0,0.05839,0.0,0.0,0.0,0.0,0.0,0.0,0.0,0.0,0.02175,0.0,0.0,0.0,0.0,0.0,0.05782,0.02891,0.0,0.0,0.0,0.0
A0A3Q7GZX3,0.0,0.0,0.0,0.0,0.0,0.0,0.0,0.0,0.0,0.0,0.0,0.0,0.0,0.0,0.0,0.04892,0.0,0.0,0.0,0.0,0.0,0.0,0.0,0.0,0.0,0.0,0.0
A0A3Q7H063,0.0,0.0,0.0,0.0,0.0,0.0,0.0,0.0,0.0,0.0,0.0,0.0,0.09396,0.20488,0.0,0.08955,0.11708,0.0,0.0,0.0,0.0,0.26777,0.25417,0.24057,0.0,0.0,0.0
A0A3Q7H0A0,0.0,0.65522,0.65522,0.0,0.0,0.0,0.0,0.0,0.0,0.32657,0.0,0.0,0.59854,0.41048,0.0,0.11453,0.32309,0.0,0.0,0.0,0.0,0.47157,0.23578,0.0,0.0,0.0,0.0
A0A3Q7H0E8,0.0,0.0,0.0,0.0,0.0,0.0,0.0,0.0,0.0,0.0,0.0,0.0,0.0,0.0,0.0,0.81857,0.0,0.0,0.0,0.0,0.0,0.0,0.0,0.0,0.0,0.0,0.0
A0A3Q7H0L3,0.0,0.0,0.0,0.0,0.0,0.0,0.0,0.0,0.0,0.0,0.0,0.0,0.04919,0.0,0.0,0.08403,0.0,0.0,0.0,0.0,0.0,0.0,0.0,0.0,0.0,0.0,0.0
A0A3Q7H0W4,0.0,0.0,0.0,0.0,0.0,0.0,0.0,0.0,0.0,0.0,0.0,0.0,0.09718,0.0,0.0,0.06734,0.0,0.0,0.0,0.0,0.0,0.06682,0.03341,0.0,0.0,0.0,0.0
A0A3Q7H112,0.0,0.0,0.0,0.0,0.0,0.0,0.0,0.0,0.0,0.0,0.0,0.0,0.1022,0.0,0.0,0.07344,0.0,0.0,0.0,0.0,0.0,0.0,0.0,0.0,0.0,0.0,0.0
A0A3Q7H1L0,0.07959,0.0,0.0,0.0,0.0,0.0,0.0,0.0,0.0,0.0,0.0,0.0,0.03011,0.0,0.0,0.0,0.0,0.0,0.0,0.0,0.0,0.07109,0.03555,0.0,0.0,0.0,0.0
A0A3Q7H1L7,0.0,0.0,0.0,0.0,0.0,0.0,0.0,0.0,0.0,0.0,0.0,0.0,0.10059,0.0,0.0,0.05767,0.0,0.0,0.0,0.0,0.0,0.0,0.0,0.0,0.0,0.0,0.0
A0A3Q7H1Q5,0.0,0.0,0.0,0.0,0.0,0.0,0.0,0.0,0.0,0.0,0.0,0.0,0.0,0.0,0.0,0.04754,0.0,0.0,0.0,0.0,0.0,0.0,0.0,0.0,0.0,0.0,0.0
A0A3Q7H1T0,0.0,0.0,0.0,0.0,0.0,0.0,0.0,0.0,0.0,0.0,0.0,0.0,0.0,0.0,0.0,0.05387,0.0,0.0,0.0,0.0,0.0,0.0,0.0,0.0,0.0,0.0,0.0
A0A3Q7H1U4,0.76023,0.80531,0.80531,0.0,0.0,1.17555,0.34412,0.0,0.0,1.4352,21.44827,0.0,0.14436,0.21822,0.0,0.33095,0.69257,0.0,1.46635,1.46635,1.46635,0.23744,0.56183,0.88622,0.0,0.0,0.0
A0A3Q7H1V9,0.0,0.0,0.0,0.0,0.0,0.0,0.0,0.0,0.0,0.0,0.0,0.0,0.0,0.0,0.0,0.03361,0.0,0.0,0.0,0.0,0.0,0.0,0.0,0.0,0.0,0.0,0.0
A0A3Q7H1Y4,0.0,0.0,0.0,0.0,0.0,0.0,0.0,0.0,0.0,0.0,0.0,0.0,0.0,0.0,0.0,0.07689,0.0,0.0,0.0,0.0,0.0,0.0,0.0,0.0,0.0,0.0,0.0
A0A3Q7H233,0.0,0.0,0.0,0.0,0.0,0.0,0.27999,0.0,0.0,0.0,0.0,0.0,0.0,0.0,0.0,0.0,0.19827,0.0,0.0,0.0,0.0,0.0,0.0,0.0,0.0,0.0,0.0
A0A3Q7H2D0,0.0,0.0,0.0,0.0,0.0,0.0,0.0,0.0,0.0,0.0,0.0,0.0,0.13412,0.46871,0.0,0.0,0.0,0.0,0.0,0.0,0.0,0.0,0.0,0.0,0.0,0.0,0.0
A0A3Q7H2F5,0.0,0.0,0.0,0.0,0.0,0.0,0.0,0.0,0.0,0.0,0.0,0.0,0.0,0.0,0.0,0.01531,0.0,0.0,0.0,0.0,0.0,0.06303,0.03152,0.0,0.0,0.0,0.0
A0A3Q7H2J9,0.1267,0.1792,0.1792,0.0,0.0,0.0,0.1656,0.0,0.0,0.0,0.0,0.0,0.06947,0.0,0.0,0.06469,0.0,0.0,0.0,0.0,0.0,0.38484,0.33393,0.28302,0.0,0.0,0.0
A0A3Q7H2N5,0.0,0.0,0.0,0.0,0.0,0.0,0.0,0.0,0.0,0.0,0.0,0.0,0.09396,0.0,0.0,0.08955,0.0,0.0,0.0,0.0,0.0,0.0,0.0,0.0,0.0,0.0,0.0
A0A3Q7H2W6,0.0,0.0,0.0,0.0,0.0,0.0,0.0,0.0,0.0,0.0,0.0,0.0,0.09396,0.0,0.0,0.05387,0.0,0.0,0.0,0.0,0.0,0.0,0.0,0.0,0.0,0.0,0.0
A0A3Q7H377,0.6319,0.0,0.0,0.0,0.0,0.0,0.13114,0.0,0.0,0.0,0.0,0.0,0.0,0.0,0.0,0.0,0.0,0.0,0.0,0.0,0.0,0.0,0.0,0.0,0.0,0.0,0.0
A0A3Q7H3B4,0.0,0.0,0.0,0.0,0.0,0.0,0.0,0.0,0.0,0.0,0.0,0.0,0.0,0.0,0.0,0.08184,0.0,0.0,0.25146,0.25146,0.25146,0.0,0.0,0.0,0.0,0.0,0.0
A0A3Q7H3C5,0.30214,0.1792,0.1792,0.0,0.0,0.0,0.21537,0.0,0.0,0.0,0.0,0.0,0.06947,0.0,0.0,0.03982,0.0,0.0,0.24237,0.24237,0.24237,0.07583,0.03791,0.0,0.0,0.0,0.0
A0A3Q7H3K1,0.0,0.0,0.0,4.06091,4.73372,0.0,0.07227,1.02076,0.0,0.0,0.0,0.0,0.0,0.0,0.0,0.0,0.0,0.0,0.0,0.0,0.0,0.0,0.0,0.0,0.0,6.35888,6.35888
A0A3Q7H3P6,1.3369,0.50738,0.50738,0.0,0.0,0.0,0.0,0.0,0.0,0.0,0.0,0.0,0.41462,0.60554,0.0,0.0,0.0,0.0,0.0,0.0,0.0,0.89101,0.92841,0.96582,0.0,0.0,0.0
A0A3Q7H3V2,0.0,0.0,0.0,0.0,0.0,0.0,0.0,0.0,0.0,0.0,0.0,0.0,0.0,0.0,0.0,0.0,0.0,0.0,0.0,0.0,0.0,0.0,0.0,0.0,0.0,0.0,0.0
A0A3Q7H3V9,0.0,0.0,0.0,0.0,0.0,0.0,0.0,0.0,0.0,0.0,0.0,0.0,0.0,0.0,0.0,0.0244,0.0,0.0,0.0,0.0,0.0,0.0,0.0,0.0,0.0,0.0,0.0
A0A3Q7H3Y0,0.0,0.0,0.0,0.0,0.0,0.0,0.0,0.0,0.0,0.0,0.0,0.0,0.0,1.18092,0.0,0.0,0.0,0.0,0.0,0.0,0.0,0.0,0.0,0.0,0.0,0.0,0.0
A0A3Q7H3Z1,0.0,0.0,0.0,0.0,0.0,0.0,0.0,0.0,0.0,0.0,0.0,0.0,1.80708,1.82014,0.0,0.2986,0.36893,0.0,0.0,0.0,0.0,0.0,0.0,0.0,0.0,0.0,0.0
A0A3Q7H3Z8,0.0,0.0,0.0,0.0,0.0,0.0,0.13114,0.0,0.0,0.0,0.0,0.0,0.26825,0.30733,0.0,0.32151,0.15132,0.0,0.0,0.0,0.0,0.0,0.0,0.0,0.0,0.0,0.0
A0A3Q7H441,0.0,0.14448,0.14448,0.0,0.0,0.30268,0.06174,0.0,0.0,0.0,0.0,0.0,0.07107,0.09051,0.0,0.07183,0.0,0.0,0.19541,0.19541,0.19541,0.06113,0.14466,0.22818,0.0,0.0,0.0
A0A3Q7H4F2,0.0,0.0,0.0,0.0,0.0,0.0,0.0,0.0,0.0,0.0,0.0,0.0,0.06706,0.0,0.0,0.03844,0.0,0.0,0.0,0.0,0.0,0.0,0.0,0.0,0.0,0.0,0.0
A0A3Q7H4P9,0.13157,0.05712,0.05712,0.0,0.0,0.0,0.03733,0.0,0.0,0.0,0.0,0.0,0.0267,0.03578,0.0,0.04028,0.02816,0.0,0.0,0.0,0.0,0.04976,0.02488,0.0,0.0,0.0,0.0
A0A3Q7H4R7,0.0,0.0,0.0,0.0,0.0,0.0,0.0,0.0,0.0,0.0,0.0,0.0,0.0,0.0,0.0,0.0,0.0,0.0,0.0,0.0,0.0,0.13839,0.0692,0.0,0.0,0.0,0.0
A0A3Q7H4T5,0.0,0.0,0.0,0.0,0.0,0.0,0.07179,0.0,0.0,0.0,0.0,0.0,0.06465,0.0,0.0,0.03706,0.0,0.0,0.0,0.0,0.0,0.19763,0.09882,0.0,0.0,0.0,0.0
A0A3Q7H4X3,0.0,0.0,0.0,0.0,0.0,0.0,0.04594,0.0,0.0,0.0,0.0,0.0,0.02971,0.0,0.0,0.07597,0.0,0.0,0.0,0.0,0.0,0.0,0.0,0.0,0.0,0.0,0.0
A0A3Q7H5A6,0.0,0.0,0.0,0.0,0.0,0.0,0.0,0.0,0.0,0.0,0.0,0.0,0.0781,0.0,0.0,0.14688,0.0,0.0,0.0,0.0,0.0,0.18436,0.09218,0.0,0.0,0.0,0.0
A0A3Q7H5I5,0.0,0.15792,0.15792,0.0,0.0,0.0,0.0,0.0,0.0,0.0,0.0,0.0,0.0781,0.0,0.0,0.07977,0.0,0.0,0.0,0.0,0.0,0.0,0.0,0.0,0.0,0.0,0.0
A0A3Q7H6Y1,0.0,0.0,0.0,0.0,0.0,0.0,0.0,0.0,0.0,0.0,0.0,0.0,0.08533,0.29821,0.0,0.08069,0.0,0.0,0.0,0.0,0.0,0.0,0.0,0.0,0.0,0.0,0.0
A0A3Q7H7F3,0.0,0.0,0.0,0.0,0.0,0.0,0.0,0.0,0.0,0.0,0.0,0.0,0.2317,0.0,0.0,0.08955,0.11708,0.0,0.70894,0.70894,0.70894,0.0,0.0,0.0,0.0,0.0,0.0
A0A3Q7H7Q7,0.0,0.0,0.0,0.0,0.0,0.0,0.0,0.0,0.0,0.0,0.0,0.0,0.0,0.0,0.0,0.0,0.0,0.0,0.0,0.0,0.0,0.03175,0.01588,0.0,0.0,0.0,0.0
A0A3Q7H7R1,0.0,0.0,0.0,0.0,0.0,0.0,0.0,0.0,0.0,0.0,0.0,0.0,0.0,0.0,0.0,0.05041,0.0,0.0,0.0,0.0,0.0,0.0,0.0,0.0,0.0,0.0,0.0
A0A3Q7H8H1,0.0,0.0,0.0,0.0,0.0,0.0,0.0,0.0,0.0,0.0,0.0,0.0,0.0,0.0,0.0,0.0,0.0,0.0,0.0,0.0,0.0,0.06113,0.03056,0.0,0.0,0.0,0.0
A0A3Q7H8S0,0.0,0.0,0.0,0.0,0.0,0.0,0.0,0.0,0.0,0.0,0.0,0.0,0.17026,0.0,0.0,0.0,0.0,0.0,0.0,0.0,0.0,0.0,0.0,0.0,0.0,0.0,0.0
A0A3Q7H918,0.0,0.0,0.0,0.0,0.0,0.0,0.0,0.0,0.0,0.0,0.0,0.0,0.0,0.0,0.0,0.05767,0.0,0.0,0.0,0.0,0.0,0.0,0.0,0.0,0.0,0.0,0.0
A0A3Q7H940,0.0,0.0,0.0,0.0,0.0,0.64292,0.13114,0.0,0.0,0.0,0.0,0.0,0.0,0.30733,0.0,0.12305,0.0,0.0,0.0,0.0,0.0,0.20758,0.10379,0.0,0.0,0.0,0.0
A0A3Q7H9K1,0.17543,0.14896,0.14896,0.0,0.0,0.31207,0.06365,0.0,0.0,0.0,0.0,0.0,0.09095,0.19857,0.0,0.11315,0.0,0.0,0.55291,0.55291,0.55291,0.17298,0.08649,0.0,0.0,0.0,0.0
A0A3Q7HA43,0.0,0.0,0.0,0.0,0.0,0.0,0.0,0.0,0.0,0.0,0.0,0.0,0.01887,0.0,0.0,0.0,0.0,0.0,0.0,0.0,0.0,0.04455,0.02227,0.0,0.0,0.0,0.0
A0A3Q7HAH2,0.0,0.0,0.0,0.0,0.0,0.0,0.0,0.0,0.0,0.0,0.0,0.0,0.0,0.0,0.0,0.01438,0.0,0.0,0.0,0.0,0.0,0.0,0.0,0.0,0.0,0.0,0.0
A0A3Q7HAN1,0.0,0.0,0.0,0.0,0.0,0.0,0.34412,0.0,0.0,0.0,0.0,0.0,0.10059,0.0,0.0,0.33095,0.27669,0.0,0.0,0.0,0.0,0.0,0.0,0.0,0.0,0.0,0.0
A0A3Q7HB75,0.0,0.0,0.0,0.0,0.0,0.0,0.0,0.0,0.0,0.0,0.0,0.0,0.06706,0.0,0.0,0.0244,0.0,0.0,0.0,0.0,0.0,0.0,0.0,0.0,0.0,0.0,0.0
A0A3Q7HBA0,0.0,0.0,0.0,0.0,0.0,0.0,0.0,0.0,0.0,0.0,0.0,0.0,0.0,0.0,0.0,0.0244,0.0,0.0,0.0,0.0,0.0,0.0,0.0,0.0,0.0,0.0,0.0
A0A3Q7HBK4,0.14782,0.08736,0.08736,0.0,0.0,0.0,0.0,0.0,0.0,0.0,0.0,0.0,0.0,0.0,0.0,0.0,0.0,0.0,0.0,0.0,0.0,0.1673,0.18978,0.21226,0.0,0.0,0.0
A0A3Q7HBR5,0.0,0.0,0.0,0.0,0.0,0.0,0.20963,0.0,0.0,0.0,0.0,0.0,0.0,0.0,0.0,0.0,0.15132,0.0,0.0,0.0,0.0,0.0,0.0,0.0,0.0,0.0,0.0
A0A3Q7HC76,0.0,0.0,0.0,0.0,0.0,0.0,0.0,0.0,0.0,0.0,0.0,0.0,0.06706,0.0,0.0,0.10486,0.0856,0.0,0.0,0.0,0.0,0.20521,0.10261,0.0,0.0,0.0,0.0
A0A3Q7HC92,0.0,0.0,0.0,0.0,0.0,0.0,0.0,0.0,0.0,0.0,0.0,0.0,0.02509,0.0,0.0,0.0,0.0,0.0,0.0,0.0,0.0,0.0,0.0,0.0,0.0,0.0,0.0
A0A3Q7HCP9,0.0,0.0,0.0,0.0,0.0,0.0,0.0,0.0,0.0,0.0,0.0,0.0,0.0,0.0,0.0,0.04477,0.0,0.0,0.0,0.0,0.0,0.0,0.0,0.0,0.0,0.0,0.0
A0A3Q7HCW0,0.0,0.0,0.0,0.0,0.0,0.64292,0.20963,0.0,0.0,0.0,0.0,0.0,0.08794,0.19225,0.0,0.05041,0.5904,0.0,0.0,0.0,0.0,0.12986,0.06493,0.0,0.0,0.0,0.0
A0A3Q7HCY8,0.0,0.0,0.0,0.0,0.0,0.0,0.0,0.0,0.0,0.0,0.0,0.0,0.02329,0.0,0.0,0.01335,0.0,0.0,0.0,0.0,0.0,0.08483,0.04242,0.0,0.0,0.0,0.0
A0A3Q7HD09,0.0,0.32705,0.32705,0.0,0.0,0.0,0.42883,0.0,0.0,0.0,0.0,0.0,0.1799,0.0,0.0,0.10314,0.79972,0.0,0.70894,0.70894,0.70894,0.13839,0.0692,0.0,0.0,0.0,0.0
A0A3Q7HD29,0.0,0.0,0.0,0.0,0.0,0.0,0.0,0.0,0.0,0.0,0.0,0.0,0.05862,0.0,0.0,0.0,0.0,0.0,0.0,0.0,0.0,0.0,0.0,0.0,0.0,0.0,0.0
A0A3Q7HD58,0.0,0.0,0.0,0.0,0.0,0.0,0.0,0.0,0.0,0.0,0.0,0.0,0.0,0.0,0.0,0.15379,0.0,0.0,0.0,0.0,0.0,0.0,0.0,0.0,0.0,0.0,0.0
A0A3Q7HDF7,0.0,0.0,0.0,0.0,0.0,0.0,0.0,0.0,0.0,0.0,0.0,0.0,0.0,0.18173,0.0,0.0,0.0,0.0,0.0,0.0,0.0,0.0,0.0,0.0,0.0,0.0,0.0
A0A3Q7HDI6,0.0,0.0,0.0,0.0,0.0,0.0,0.0,0.0,0.0,0.0,0.0,0.0,0.08172,0.0,0.0,0.02141,0.0,0.0,0.0,0.0,0.0,0.19289,0.09645,0.0,0.0,0.0,0.0
A0A3Q7HDP5,0.16081,0.0,0.0,0.0,0.0,0.3895,0.34029,0.0,0.0,0.0,0.0,0.0,0.07208,0.0,0.0,0.19707,0.14304,0.0,0.0,0.0,0.0,0.07867,0.18615,0.29363,0.0,0.0,0.0
A0A3Q7HDZ4,0.0,0.0,0.0,0.0,0.0,0.0,0.0,0.0,0.0,0.0,0.0,0.0,0.04176,0.0456,0.0,0.01139,0.05467,0.0,0.0,0.0,0.0,0.0,0.0,0.0,0.0,0.0,0.0
A0A3Q7HE99,0.0,0.0,0.0,0.0,0.0,0.0,0.11726,0.0,0.0,0.0,0.0,0.0,0.0,0.0,0.0,0.0,0.0,0.0,0.0,0.0,0.0,0.0,0.0,0.0,0.0,0.0,0.0
A0A3Q7HEZ3,0.26965,0.33489,0.33489,0.0,0.0,0.0,0.05264,0.0,0.0,0.61017,0.0,0.0,0.0,0.0,0.0,0.01956,0.0,0.0,0.16663,0.16663,0.16663,0.17488,0.23779,0.30071,0.0,0.0,0.0
A0A3Q7HFB7,0.0,0.0,0.0,0.0,0.0,0.0,0.0,0.0,0.0,0.0,0.0,0.0,0.0,0.0,0.0,0.03844,0.0,0.0,0.0,0.0,0.0,0.15829,0.07914,0.0,0.0,0.0,0.0
A0A3Q7HFX0,0.0,0.29009,0.29009,0.0,0.0,0.0,0.0,0.0,0.0,0.0,0.0,0.0,0.08292,0.0,0.0,0.06734,0.0,0.0,0.39234,0.39234,0.39234,0.0,0.0,0.0,0.0,0.0,0.0
A0A3Q7HFZ1,0.0,0.0,0.0,0.0,0.0,0.0,0.0,0.0,0.0,0.0,0.0,0.0,0.0,0.0,0.0,0.06734,0.0,0.0,0.0,0.0,0.0,0.0,0.0,0.0,0.0,0.0,0.0
A0A3Q7HG43,0.0,0.0,0.0,0.0,0.0,0.0,0.0,0.0,0.0,0.0,0.0,0.0,0.0,0.0,0.0,0.0,0.0,0.0,0.47111,0.47111,0.47111,0.0,0.0,0.0,0.0,0.0,0.0
A0A3Q7HG48,0.0,0.0,0.0,0.0,0.0,0.0,0.0,0.0,0.0,0.0,0.0,0.0,0.01666,0.0,0.0,0.0,0.0,0.0,0.0,0.0,0.0,0.0,0.0,0.0,0.0,0.0,0.0
A0A3Q7HG98,0.0,0.0,0.0,0.0,0.0,0.0,0.50446,0.0,0.0,0.0,0.0,0.0,0.0,0.0,0.0,0.15782,0.18446,0.0,0.0,0.0,0.0,0.15829,0.07914,0.0,0.0,0.0,0.0
A0A3Q7HGC8,0.0,0.0,0.0,0.0,0.0,0.0,0.0,0.0,0.0,0.0,0.0,0.0,0.0,0.0,0.0,0.05214,0.0,0.0,0.0,0.0,0.0,0.0,0.0,0.0,0.0,0.0,0.0
A0A3Q7HGD7,0.0,0.0,0.0,0.0,0.0,0.0,0.0,0.0,0.0,0.0,0.0,0.0,0.0,0.0,0.0,0.02325,0.0,0.0,0.0,0.0,0.0,0.0,0.0,0.0,0.0,0.0,0.0
A0A3Q7HGI8,0.0,0.15232,0.15232,0.0,0.0,0.0,0.0,0.0,0.0,0.0,0.0,0.0,0.05862,0.0,0.0,0.0244,0.0,0.0,0.32114,0.32114,0.32114,0.06445,0.03222,0.0,0.0,0.0,0.0
A0A3Q7HGJ9,1.00064,0.43569,0.43569,0.0,0.0,0.0,0.26371,0.0,0.0,1.33636,0.0,0.0,0.33792,0.14103,0.0,0.41924,0.18777,0.0,0.44233,0.44233,0.44233,0.47536,0.49594,0.51652,0.0,0.0,0.0
A0A3Q7HGM6,0.0,0.0,0.0,0.0,0.0,0.0,0.03493,0.0,0.0,0.0,0.0,0.0,0.0,0.0,0.0,0.01289,0.0,0.0,0.0,0.0,0.0,0.15545,0.07773,0.0,0.0,0.0,0.0
A0A3Q7HGQ2,0.0,0.49058,0.49058,0.0,0.0,0.0,0.20963,0.0,0.0,0.0,0.0,0.0,1.03565,0.58449,0.0,0.78829,0.34463,0.0,0.0,0.0,0.0,0.0,0.24234,0.48468,0.0,0.0,0.0
A0A3Q7HGQ5,0.0,0.0,0.0,0.0,0.0,0.0,0.0,0.0,0.0,0.0,0.0,0.0,0.0,0.0,0.0,0.01864,0.0,0.0,0.0,0.0,0.0,0.0,0.0,0.0,0.0,0.0,0.0
A0A3Q7HGX8,0.0,0.0,0.0,8.58329,10.00537,0.0,0.0,0.0,0.0,0.0,0.0,6.61231,0.0,0.0,3.78434,0.0,0.0,0.0,0.0,0.0,0.0,0.0,0.35997,0.71994,0.0,8.03571,8.03571
A0A3Q7HH02,0.0,0.0,0.0,0.0,0.0,0.0,0.0,0.0,0.0,0.0,0.0,0.0,0.11746,0.0,0.0,0.09761,0.0,0.0,0.88617,0.88617,0.88617,0.17014,0.08507,0.0,0.0,0.0,0.0
A0A3Q7HH84,0.0,0.0,0.0,0.0,0.0,0.0,0.0,0.0,0.0,0.0,0.0,0.0,0.0,0.0,0.0,0.01185,0.0,0.0,0.0,0.0,0.0,0.0,0.0,0.0,0.0,0.0,0.0
A0A3Q7HHC0,0.0,0.0,0.0,0.0,0.0,0.99723,0.0,0.0,0.0,0.0,0.0,0.0,0.0,0.0,0.0,0.04892,0.0,0.0,0.0,0.0,0.0,0.0,0.0,0.0,0.0,0.0,0.0
A0A3Q7HHL0,0.0,0.0,0.0,0.0,0.0,0.0,0.0,0.0,0.0,0.0,0.0,0.0,0.0,0.0,0.0,0.0,0.0,0.0,0.0,0.0,0.0,0.15829,0.07914,0.0,0.0,0.0,0.0
A0A3Q7HI00,0.0,0.32705,0.32705,0.0,0.0,0.0,0.0,0.0,0.0,0.0,0.0,0.0,0.05862,0.0,0.0,0.13284,0.0,0.0,0.0,0.0,0.0,0.31659,0.15829,0.0,0.0,0.0,0.0
A0A3Q7HI26,0.0,0.0,0.0,0.0,0.0,0.0,0.0,0.0,0.0,0.0,0.0,0.0,0.0259,0.0,0.0,0.0,0.0,0.0,0.0,0.0,0.0,0.0,0.0,0.0,0.0,0.0,0.0
A0A3Q7HI50,0.36062,0.22288,0.22288,0.0,0.0,0.3238,0.48388,1.60074,0.81887,0.0,0.0,1.83423,0.07308,0.18383,1.04976,0.12248,0.37445,0.0,0.44687,0.44687,0.44687,0.32133,0.48261,0.64388,0.0,1.15418,1.15418
A0A3Q7HIF6,0.0,0.0,0.0,0.0,0.0,0.0,0.09285,0.0,0.0,0.0,0.0,0.0,0.0,0.0,0.0,0.02233,0.0,0.0,0.0,0.0,0.0,0.0,0.0,0.0,0.0,0.0,0.0
A0A3Q7HIL7,0.0,0.08512,0.08512,0.0,0.0,0.0,0.03637,0.0,0.0,1.17738,0.0,0.0,0.04919,0.05332,0.0,0.05076,0.04197,0.0,0.23782,0.23782,0.23782,0.0,0.0,0.0,0.0,0.0,0.0
A0A3Q7HIP9,0.44509,0.0,0.0,0.0,0.0,0.0,0.0,0.0,0.0,0.0,0.0,0.0,0.01827,0.0,0.0,0.01427,0.0,0.0,0.0,0.0,0.0,0.05876,0.02938,0.0,0.0,0.0,0.0
A0A3Q7HIS4,0.0,0.0,0.0,0.0,0.0,0.0,0.0,0.0,0.0,0.0,0.0,0.0,0.0,0.0,0.0,0.0,0.0,0.0,0.0,0.0,0.0,0.05924,0.02962,0.0,0.0,0.0,0.0
A0A3Q7HIX0,0.0,0.0,0.0,0.0,0.0,0.0,0.05695,0.0,0.0,0.0,0.0,0.0,0.03694,0.0,0.0,0.08668,0.06572,0.0,0.0,0.0,0.0,0.05639,0.0282,0.0,0.0,0.0,0.0
A0A3Q7HJ62,0.0,0.0,0.0,0.0,0.0,0.0,0.15985,0.0,0.0,0.0,0.0,0.0,0.04256,0.0,0.0,0.07091,0.0,0.0,0.0,0.0,0.0,0.15829,0.07914,0.0,0.0,0.0,0.0
A0A3Q7HJC7,0.0,0.0,0.0,0.0,0.0,0.0,0.179,0.0,0.0,0.0,0.0,0.0,0.02529,0.0,0.0,0.05606,0.06958,0.0,0.0,0.0,0.0,0.03933,0.01966,0.0,0.0,0.0,0.0
A0A3Q7HJH5,0.0,0.0,0.0,0.0,0.0,0.0,0.27999,0.0,0.0,0.0,0.0,0.0,0.07208,0.0,0.0,0.04132,0.0,0.0,0.0,0.0,0.0,0.17014,0.08507,0.0,0.0,0.0,0.0
A0A3Q7HJJ7,0.0,0.0,0.0,0.0,0.0,0.0,0.0,0.0,0.0,0.0,0.0,0.0,0.0,0.0,0.0,0.17405,0.0,0.0,0.0,0.0,0.0,0.0,0.0,0.0,0.0,0.0,0.0
A0A3Q7HJL9,0.0,0.0,0.0,0.0,0.0,0.0,0.0,0.0,0.0,0.0,0.0,0.0,0.0,0.0,0.0,0.05767,0.0,0.0,0.0,0.0,0.0,0.0,0.0,0.0,0.0,0.0,0.0
A0A3Q7HJU0,0.65464,0.0,0.0,0.0,0.0,0.42001,0.61071,0.0,0.0,0.0,0.0,0.0,0.15621,0.12559,2.31985,0.24887,0.21484,0.0,0.77104,0.77104,0.77104,0.44124,0.22062,0.0,0.0,3.74564,3.74564
A0A3Q7HKZ6,0.0,0.0,0.0,0.0,0.0,0.0,0.0,0.0,0.0,0.0,0.0,0.0,0.0,0.0,0.0,0.06216,0.0,0.0,0.0,0.0,0.0,0.0,0.0,0.0,0.0,0.0,0.0
A0A3Q7HLK8,0.0,0.0,0.0,0.0,0.0,0.0,0.0,0.0,0.0,0.0,0.0,0.0,0.0,0.0,0.0,0.01162,0.0,0.0,0.0,0.0,0.0,0.0,0.0,0.0,0.0,0.0,0.0
A0A3Q7HLM8,0.0,0.20832,0.20832,0.0,0.0,0.0,0.0,0.0,0.0,0.0,0.0,0.0,0.0,0.0,0.0,0.0,0.0,0.0,0.0,0.0,0.0,0.0,0.0,0.0,0.0,0.0,0.0
A0A3Q7HLY0,0.0,0.0,0.0,0.0,0.0,0.0,0.20341,0.0,0.0,0.0,0.0,0.0,0.0,0.0,0.0,0.04892,0.0,0.0,0.0,0.0,0.0,0.0,0.0,0.0,0.0,0.0,0.0
A0A3Q7HMP2,0.25178,0.34049,0.34049,0.0,0.0,0.71331,0.0,0.0,0.0,0.0,0.0,0.0,0.14075,0.29821,0.0,0.0,0.0,0.0,0.0,0.0,0.0,0.14407,0.07204,0.0,0.0,0.0,0.0
A0A3Q7HMR2,2.45614,0.34049,0.34049,0.0,0.0,0.0,0.0,0.0,0.4533,2.23444,0.0,0.0,0.06103,0.09963,0.0,0.02233,0.0,0.0,0.14087,0.14087,0.14087,0.26398,0.21424,0.1645,0.0,0.0,0.0
A0A3Q7HNA9,0.0,0.1624,0.1624,0.0,0.0,0.0,0.23978,0.0,0.0,0.0,0.0,0.0,0.14436,0.15787,0.0,0.24887,0.0,0.0,0.21965,0.21965,0.21965,0.19099,0.09549,0.0,0.0,0.0,0.0
A0A3Q7HNB2,0.0,0.0,0.0,0.0,0.0,0.0,0.0,0.0,0.0,0.0,0.0,0.0,0.0,0.0,0.0,0.0,0.0,0.0,0.0,0.0,0.0,0.08815,0.04408,0.0,0.0,0.0,0.0
A0A3Q7HNQ1,0.0,0.0,0.0,0.0,0.0,0.0,0.0,0.0,0.0,0.0,0.0,0.0,0.0,0.0,0.0,0.01784,0.0,0.0,0.0,0.0,0.0,0.0,0.0,0.0,0.0,0.0,0.0
A0A3Q7HP88,0.0,0.0,0.0,0.0,0.0,0.0,0.0,0.0,0.0,0.0,0.0,0.0,0.0,0.0,0.0,0.0,0.75719,0.0,0.0,0.0,0.0,0.0,0.0,0.0,0.0,0.0,0.0
A0A3Q7HPM9,0.47433,0.32705,0.32705,0.0,0.0,0.68515,0.0,0.0,0.0,0.0,0.0,0.0,0.09396,0.20488,0.0,0.10314,0.0,0.0,1.0119,1.0119,1.0119,0.0,0.0,0.0,0.0,0.0,0.0
A0A3Q7HQA3,0.42072,0.0,0.0,0.0,0.0,0.0,0.0,0.0,0.0,0.0,0.0,0.0,0.0,0.0,0.0,0.0,0.0,0.0,0.0,0.0,0.0,0.04455,0.02227,0.0,0.0,0.0,0.0
A0A3Q7HQB6,0.0,0.0,0.0,0.0,0.0,0.0,0.0,0.0,0.0,0.0,0.0,0.0,0.03051,0.0,0.0,0.0,0.0,0.0,0.0,0.0,0.0,0.0,0.0,0.0,0.0,0.0,0.0
A0A3Q7HQF1,0.0,0.0,0.0,0.0,0.0,0.0,0.0,0.0,0.0,0.0,0.0,0.0,0.05862,0.0,0.0,0.41924,0.0,0.0,0.0,0.0,0.0,0.0,0.0,0.0,0.0,0.0,0.0
A0A3Q7HQH1,0.0,0.0,0.0,0.0,0.0,0.0,0.0,0.0,0.0,0.0,0.0,0.0,0.04678,0.0,0.0,0.28905,0.0,0.0,0.0,0.0,0.0,0.0,0.0,0.0,0.0,0.0,0.0
A0A3Q7HQI3,0.0,0.0,0.0,0.0,0.0,0.0,0.0,0.0,0.0,0.0,0.0,0.0,0.09396,0.32838,0.0,0.0,0.0,0.0,0.0,0.0,0.0,0.2218,0.1109,0.0,0.0,0.0,0.0
A0A3Q7HR13,0.0,0.0,0.0,0.0,0.0,0.0,0.0,0.0,0.0,0.0,0.0,0.0,0.0,0.0,0.0,0.04028,0.0,0.0,0.0,0.0,0.0,0.0,0.0,0.0,0.0,0.0,0.0
A0A3Q7HRB7,0.0,0.0,0.0,0.0,0.0,0.0,0.0,0.0,0.0,0.0,0.0,0.0,0.0,0.0,0.0,0.01979,0.0,0.0,0.0,0.0,0.0,0.08151,0.04075,0.0,0.0,0.0,0.0
A0A3Q7HRC2,0.86419,0.65522,0.65522,0.0,0.0,1.37265,0.47622,0.0,0.0,0.45118,0.0,0.0,0.0,0.28979,0.0,0.34315,0.0,0.0,0.62562,0.62562,0.62562,0.47157,0.23578,0.0,0.0,0.0,0.0
A0A3Q7HRC7,0.0,0.0,0.0,0.0,0.0,0.0,0.10146,0.0,0.0,0.0,0.0,0.0,0.06706,0.0,0.0,0.0,0.0,0.0,0.32114,0.32114,0.32114,0.2218,0.1109,0.0,0.0,0.0,0.0
A0A3Q7HRQ8,0.0,0.0,0.0,0.0,0.0,0.0,0.31971,0.0,0.0,0.0,0.0,0.0,0.1799,0.20488,0.0,0.2986,0.25847,0.0,0.44233,0.44233,0.44233,0.31659,0.15829,0.0,0.0,0.0,0.0
A0A3Q7HSI3,0.0,0.0,0.0,0.0,0.0,0.0,0.0,0.0,0.0,0.0,0.0,0.0,0.0,0.0,0.0,0.0191,0.0,0.0,0.0,0.0,0.0,0.0,0.0,0.0,0.0,0.0,0.0
A0A3Q7HSR7,0.0,0.0,0.0,0.0,0.0,0.0,0.0,0.0,0.0,0.0,0.0,0.0,0.04678,0.0,0.0,0.02682,0.0,0.0,0.0,0.0,0.0,0.11042,0.05521,0.0,0.0,0.0,0.0
A0A3Q7HT73,0.0,0.0,0.0,0.0,0.0,0.0,0.0,0.0,0.0,0.0,0.0,0.0,0.0,0.0,0.0,0.02774,0.0,0.0,0.0,0.0,0.0,0.07346,0.03673,0.0,0.0,0.0,0.0
A0A3Q7HTC1,0.0,0.0,0.0,0.0,0.0,0.0,0.0,0.0,0.0,0.0,0.0,0.0,0.0,0.0,0.0,0.02325,0.0,0.0,0.0,0.0,0.0,0.0,0.0,0.0,0.0,0.0,0.0
A0A3Q7HTH3,0.0,0.0,0.0,0.0,0.0,0.0,0.0,0.0,0.0,0.0,0.0,0.0,0.04256,0.0,0.0,0.0,0.0,0.0,0.0,0.0,0.0,0.0,0.0,0.0,0.0,0.0,0.0
A0A3Q7HTP1,0.0,0.0,0.0,0.0,0.0,0.0,0.0,0.0,0.0,0.0,0.0,0.0,0.05501,0.0,0.0,0.07183,0.0,0.0,0.0,0.0,0.0,0.0,0.0,0.0,0.0,0.0,0.0
A0A3Q7HTY1,0.0,0.0,0.0,0.0,0.0,0.0,0.0,0.0,0.0,0.0,0.0,0.0,0.03594,0.0,0.0,0.03223,0.0,0.0,0.0,0.0,0.0,0.0,0.0,0.0,0.0,0.0,0.0
A0A3Q7HU15,0.0,0.0,0.0,0.0,0.0,0.0,0.11151,0.0,0.0,0.0,0.0,0.0,0.03011,0.0,0.0,0.1006,0.0,0.0,0.22722,0.22722,0.22722,0.0,0.0,0.0,0.0,0.0,0.0
A0A3Q7HU53,0.0,0.0,0.0,0.0,0.0,0.0,0.0,0.0,0.0,0.0,0.0,0.0,0.1281,0.0,0.0,0.07344,0.0,0.0,0.0,0.0,0.0,0.0,0.0,0.0,0.0,0.0,0.0
A0A3Q7HU74,0.0,0.0,0.0,0.0,0.0,0.0,0.0,0.0,0.0,0.0,0.0,0.0,0.01686,0.0,0.0,0.01484,0.04639,0.0,0.0,0.0,0.0,0.0,0.0,0.0,0.0,0.0,0.0
A0A3Q7HU84,0.0,0.0,0.0,0.0,0.0,0.0,0.15985,0.0,0.0,0.0,0.0,0.0,0.0,0.0,0.0,0.03844,0.0,0.0,0.0,0.0,0.0,0.0,0.0,0.0,0.0,0.0,0.0
A0A3Q7HUE5,0.0,0.0,0.0,0.0,0.0,0.0,0.0,0.0,0.0,0.0,0.0,0.0,0.03493,0.0,0.0,0.07125,0.0,0.0,0.0,0.0,0.0,0.0,0.0,0.0,0.0,0.0,0.0
A0A3Q7HUQ3,2.37491,0.39201,0.39201,0.0,0.0,1.9311,1.11278,0.0,1.08208,0.0,0.0,0.0,0.40318,0.45608,0.0,1.15723,0.56057,0.0,0.98463,0.98463,0.98463,0.48105,0.43687,0.39269,0.0,0.0,0.0
A0A3Q7HUR4,0.0,0.0,0.0,0.0,0.0,0.0,0.0,0.0,0.0,0.0,0.0,0.0,0.05862,0.0,0.0,0.05387,0.0,0.0,0.0,0.0,0.0,0.0,0.0,0.0,0.0,0.0,0.0
A0A3Q7HUY0,0.24366,0.0,0.0,0.0,0.0,0.0,0.0,0.0,0.0,0.0,0.0,0.0,0.0,0.0,0.0,0.0,0.0,0.0,0.0,0.0,0.0,0.0,0.0,0.0,0.0,0.0,0.0
A0A3Q7HV38,0.0,0.0,0.0,0.0,0.0,0.0,0.13975,0.0,0.0,0.0,0.0,0.0,0.09396,0.0,0.0,0.05387,0.16126,0.0,0.0,0.0,0.0,0.2218,0.36916,0.51652,0.0,0.0,0.0
A0A3Q7HV43,0.6319,0.1232,0.1232,0.0,0.0,0.54671,0.0,0.0,0.0,0.0,0.0,2.49094,0.1044,0.4224,1.4256,0.0,0.09388,0.0,0.0,0.0,0.0,0.11042,0.05521,0.0,0.0,0.0,0.0
A0A3Q7HVC4,0.0,0.0,0.0,0.0,0.0,0.0,0.0,0.0,0.0,0.0,0.0,0.0,0.0,0.0,0.0,0.01139,0.0,0.0,0.0,0.0,0.0,0.0,0.0,0.0,0.0,0.0,0.0
A0A3Q7HVG8,0.0,0.0,0.0,0.0,0.0,0.0,0.08232,0.0,0.0,0.0,0.0,0.0,0.05401,0.0,0.0,0.08552,0.20655,0.0,0.0,0.0,0.0,0.0,0.0,0.0,0.0,0.0,0.0
A0A3Q7HVI4,0.0,0.0,0.0,0.0,0.0,0.0,0.0335,0.0,0.0,0.0,0.0,0.0,0.0,0.0,0.0,0.0,0.0,0.0,0.0,0.0,0.0,0.0,0.0,0.0,0.0,0.0,0.0
A0A3Q7HVV0,0.0,0.0,0.0,15.41301,0.0,2.47313,0.50446,3.87426,0.0,0.0,0.0,0.0,0.0,0.23435,0.0,0.03844,0.0,0.0,0.0,0.0,0.0,1.2569,0.62845,0.0,0.0,7.27351,7.27351
A0A3Q7HVV9,0.0,0.0,0.0,0.0,0.0,0.0,0.09668,0.0,0.0,0.0,0.0,0.0,0.0,0.0,0.0,0.06734,0.0,0.0,0.0,0.0,0.0,0.09573,0.04786,0.0,0.0,0.0,0.0
A0A3Q7HVY6,0.0,0.74819,0.74819,0.0,0.0,0.0,0.0,0.0,0.0,0.0,0.0,0.0,0.0,0.0,0.0,0.0,0.0,0.0,0.0,0.0,0.0,0.0,0.0,0.0,0.0,0.0,0.0
A0A3Q7HW79,0.0,0.0,0.0,0.0,0.0,0.0,0.0,0.0,0.0,0.0,0.0,0.0,0.0,0.0,0.0,0.0,0.0,0.0,0.0,0.0,0.0,0.07346,0.03673,0.0,0.0,0.0,0.0
A0A3Q7HW81,0.0,0.0,0.0,0.0,0.0,0.0,0.52456,0.0,0.0,0.0,0.0,0.0,0.15621,0.0,0.0,0.35075,0.0,0.0,0.0,0.0,0.0,0.79764,0.39882,0.0,0.0,0.0,0.0
A0A3Q7HWC3,0.0,0.0,0.0,0.0,0.0,0.0,0.0,0.0,0.0,0.0,0.0,0.0,0.0,0.0,0.0,0.03361,0.0,0.0,0.0,0.0,0.0,0.0,0.0,0.0,0.0,0.0,0.0
A0A3Q7HWS9,0.0,0.0,0.0,0.0,0.0,0.0,0.0,0.0,0.0,0.0,0.0,0.0,0.0,0.0,0.0,0.06216,0.18446,0.0,0.0,0.0,0.0,0.0,0.0,0.0,0.0,0.0,0.0
A0A3Q7HX02,0.45484,0.36289,0.36289,0.0,0.0,0.76024,0.0,0.0,0.0,1.82622,0.0,0.0,0.0,0.22734,0.0,0.0,0.2662,0.0,0.18026,0.18026,0.18026,0.0,0.0,0.0,0.0,0.0,0.0
A0A3Q7HX13,0.0,0.0,0.0,0.0,0.0,0.0,0.0,0.0,0.0,0.0,0.0,0.0,0.10059,0.15787,0.0,0.0,0.46392,0.0,0.0,0.0,0.0,0.0,0.0,0.0,0.0,0.0,0.0
A0A3Q7HX95,2.73391,1.46726,1.46726,0.0,12.53362,3.67215,2.07575,0.0,1.79859,6.49707,47.44827,5.27626,1.6075,1.09812,14.00984,1.03602,0.86434,0.0,3.27506,3.27506,3.27506,0.87585,1.21094,1.54602,0.0,1.26306,1.26306
A0A3Q7HXI0,0.0,0.0,0.0,0.0,0.0,0.0,0.0,0.0,0.0,0.0,0.0,0.0,0.0,0.0,0.0,0.02325,0.0,0.0,0.0,0.0,0.0,0.0,0.0,0.0,0.0,0.0,0.0
A0A3Q7HXU3,0.0,0.0,0.0,0.0,0.0,0.0,0.0,0.0,0.0,0.0,0.0,0.0,0.16524,0.24558,0.0,0.05663,0.27172,0.0,0.0,0.0,0.0,0.16588,0.08294,0.0,0.0,0.0,0.0
A0A3Q7HXW1,0.44509,0.0,0.0,0.0,0.0,0.0,0.0,0.0,0.0,0.0,0.0,0.0,0.0,0.0,0.0,0.0,0.0,0.0,0.0,0.0,0.0,0.10521,0.0526,0.0,0.0,0.0,0.0
A0A3Q7HYJ1,0.0,0.20048,0.20048,0.0,0.0,0.0,0.0,0.0,0.0,0.0,0.0,0.0,0.0781,0.0,0.0,0.08955,0.09886,0.0,0.0,0.0,0.0,0.18436,0.09218,0.0,0.0,0.0,0.0
A0A3Q7HZ04,0.0,0.0,0.0,0.0,0.0,0.0,0.0,0.0,0.0,0.0,0.0,0.0,0.0,0.0,0.0,0.02141,0.0,0.0,0.0,0.0,0.0,0.0,0.0,0.0,0.0,0.0,0.0
A0A3Q7HZ41,0.0,0.0,0.0,0.0,0.0,0.0,0.0,0.0,0.0,0.0,0.0,0.0,0.0,0.0,0.0,0.07091,0.0,0.0,0.0,0.0,0.0,0.0,0.0,0.0,0.0,0.0,0.0
A0A3Q7HZ62,0.0,0.0,0.0,0.0,0.0,0.0,0.0,0.0,0.0,0.0,0.0,0.0,0.0,0.0,0.0,0.05767,0.0,0.0,0.0,0.0,0.0,0.0,0.0,0.0,0.0,0.0,0.0
A0A3Q7HZL2,0.0,0.0,0.0,0.0,0.0,0.0,0.24888,0.0,0.0,0.0,0.0,0.0,0.26303,0.61326,0.0,0.1006,0.28719,0.0,0.0,0.0,0.0,0.24645,0.12323,0.0,0.0,0.0,0.0
A0A3Q7HZM0,0.56855,0.168,0.168,0.0,0.0,0.16894,0.07179,0.0,0.53616,1.29339,0.0,0.0,0.03011,0.07718,0.93312,0.02198,0.03976,0.0,0.28933,0.28933,0.28933,0.03412,0.01706,0.0,0.0,0.0,0.0
A0A3Q7HZQ4,0.0,0.0,0.0,0.0,0.0,0.0,0.07657,0.0,0.0,0.0,0.0,0.0,0.03212,0.0,0.0,0.0518,0.0,0.0,0.0,0.0,0.0,0.07583,0.03791,0.0,0.0,0.0,0.0
A0A3Q7HZV3,1.41975,0.50738,0.50738,9.46008,0.0,1.06293,0.0,0.0,1.37941,3.75558,0.0,0.0,0.54112,0.60554,2.65681,0.0,0.30155,0.0,0.31054,0.31054,0.31054,0.97869,0.97225,0.96582,0.0,0.0,0.0
A0A3Q7I008,0.0,0.0,0.0,0.0,0.0,0.0,0.0,0.0,0.0,0.0,0.0,0.0,0.0,0.0,0.0,0.04477,0.0,0.0,0.0,0.0,0.0,0.0,0.0,0.0,0.0,0.0,0.0
A0A3Q7I0A1,0.0,0.0,0.0,0.0,0.0,0.0,0.0,0.0,0.0,0.0,0.0,0.0,0.0,0.0,0.0,0.02325,0.0,0.0,0.0,0.0,0.0,0.0,0.0,0.0,0.0,0.0,0.0
A0A3Q7I0E4,0.0,0.0,0.0,0.0,0.0,0.0,0.0,0.0,0.0,0.0,0.0,0.0,0.0,0.0,0.0,0.0,0.0,0.0,0.0,0.0,0.0,0.12986,0.06493,0.0,0.0,0.0,0.0
A0A3Q7I0J3,0.0,0.0,0.0,0.0,0.0,0.0,0.08567,0.0,0.0,0.0,0.0,0.0,0.0,0.0,0.0,0.03223,0.0,0.0,0.0,0.0,0.0,0.04075,0.02038,0.0,0.0,0.0,0.0
A0A3Q7I0X4,0.0,0.37409,0.37409,0.0,0.0,0.0,0.0,0.0,0.0,0.0,0.0,0.0,0.0,0.0,0.0,0.0,0.0,0.0,0.0,0.0,0.0,0.0,0.0,0.0,0.0,0.0,0.0
A0A3Q7I1I2,0.0,0.0,0.0,0.0,0.0,0.0,0.27999,0.0,0.0,0.0,0.0,0.0,0.0,0.41048,0.0,0.0,0.0,0.0,0.0,0.0,0.0,0.0,0.0,0.0,0.0,0.0,0.0
A0A3Q7I245,0.42072,0.78515,0.78515,0.0,0.0,0.0,0.20341,4.92982,2.07155,1.4352,0.0,0.0,0.20701,0.29821,5.50803,0.4517,0.23472,0.0,1.06189,1.06189,1.06189,0.48863,0.24432,0.0,0.0,0.0,0.0
A0A3Q7I2A5,0.0,0.19264,0.19264,0.0,0.0,0.0,0.0,0.0,0.0,0.0,0.0,0.0,0.05401,0.0,0.0,0.0,0.09499,0.0,0.0,0.0,0.0,0.0,0.0,0.0,0.0,0.0,0.0
A0A3Q7I365,0.0,0.0,0.0,0.0,0.0,0.0,0.11965,0.0,0.0,0.0,0.0,0.0,0.06947,0.0,0.0,0.16553,0.13807,0.0,0.0,0.0,0.0,0.0,0.0,0.0,0.0,0.0,0.0
A0A3Q7I3Q3,0.0,0.0,0.0,0.0,0.0,0.0,0.0,0.0,0.0,0.0,0.0,0.0,0.05862,0.20488,0.0,0.0,0.0,0.0,0.0,0.0,0.0,0.0,0.0,0.0,0.0,0.0,0.0
A0A3Q7I3U9,0.0,0.0,0.0,0.0,0.0,0.0,0.0,0.0,0.0,0.0,0.0,0.0,0.07027,0.24558,0.0,0.07482,0.0,0.0,0.0,0.0,0.0,0.10521,0.0526,0.0,0.0,0.0,0.0
A0A3Q7I3V5,0.0,0.0,0.0,0.0,0.0,0.0,0.12396,0.0,0.0,0.0,0.0,0.0,0.03333,0.0,0.0,0.04132,0.0,0.0,0.0,0.0,0.0,0.17014,0.08507,0.0,0.0,0.0,0.0
A0A3Q7I4P2,0.0,0.0,0.0,0.0,0.0,0.0,0.19479,0.0,0.0,0.0,0.0,0.0,0.0,0.0,0.0,0.13284,0.0,0.0,0.0,0.0,0.0,0.0,0.0,0.0,0.0,0.0,0.0
A0A3Q7I4W4,1.08512,1.13012,1.13012,0.0,0.0,0.75554,0.0,0.0,0.0,0.0,0.0,0.0,1.31816,1.59631,0.0,0.0,3.08124,2.24416,0.35295,0.35295,0.35295,0.15261,2.76239,5.37217,0.0,0.0,0.0
A0A3Q7I516,0.0,0.0,0.0,0.0,0.0,0.0,0.0,0.0,0.0,0.0,0.0,0.0,0.0,0.0,0.0,0.04477,0.0,0.0,0.0,0.0,0.0,0.0,0.0,0.0,0.0,0.0,0.0
A0A3Q7I593,0.17868,0.0,0.0,0.0,0.0,0.0,0.0,0.0,0.0,0.0,0.0,0.0,0.0,0.0,0.0,0.0,0.0,0.0,0.0,0.0,0.0,0.0,0.0,0.0,0.0,0.0,0.0
A0A3Q7I5P3,0.0,0.0,0.0,0.0,0.0,0.0,0.0,0.0,0.0,0.0,0.0,0.0,0.0,0.0,0.0,0.06734,0.0,0.0,0.0,0.0,0.0,0.0,0.0,0.0,0.0,0.0,0.0
A0A3Q7I5W4,0.0,0.0,0.0,0.0,0.0,0.0,0.0,0.0,0.0,0.0,0.0,0.0,0.0,0.0,0.0,0.05985,0.0,0.0,0.0,0.0,0.0,0.0,0.0,0.0,0.0,0.0,0.0
A0A3Q7I5Y6,0.0,0.0,0.0,0.0,0.0,0.0,0.0,0.0,0.0,0.0,0.0,0.0,0.18171,0.0,0.0,0.0,0.49982,0.0,0.0,0.0,0.0,0.0,0.39358,0.78716,0.0,0.0,0.0
A0A3Q7I626,0.0,0.0,0.0,0.0,0.0,0.0,0.0,0.0,0.0,0.0,0.0,0.0,0.03594,0.0,0.0,0.0,0.0,0.0,0.0,0.0,0.0,0.0,0.0,0.0,0.0,0.0,0.0
A0A3Q7I643,0.0,0.0,0.0,0.0,0.0,0.0,0.0,0.0,0.0,0.0,0.0,0.0,0.0,0.0,0.0,0.08955,0.0,0.0,0.0,0.0,0.0,0.0,0.0,0.0,0.0,0.0,0.0
A0A3Q7I6A1,0.0,0.0,0.0,0.0,0.0,0.0,0.0,0.0,0.0,0.0,0.0,0.0,0.0,0.0,0.0,0.07344,0.0,0.0,0.0,0.0,0.0,0.0,0.0,0.0,0.0,0.0,0.0
A0A3Q7I6B5,0.0,0.0,0.0,0.0,0.0,0.0,0.0,0.0,0.0,0.0,0.0,0.0,0.03112,0.0,0.0,0.04984,0.0,0.0,0.0,0.0,0.0,0.0,0.0,0.0,0.0,0.0,0.0
A0A3Q7I6C6,0.0,0.0,0.0,0.0,0.0,0.0,0.14884,0.0,0.0,0.0,0.0,0.0,0.02911,0.0,0.0,0.11143,0.17176,0.0,0.0,0.0,0.0,0.0,0.0,0.0,0.0,0.0,0.0
A0A3Q7I6G7,0.0,0.15904,0.15904,0.0,0.0,0.0,0.0,0.0,0.0,0.0,0.0,0.0,0.4341,0.13612,0.0,0.0,0.47442,0.0,0.0,0.0,0.0,0.0,0.99324,1.98648,0.0,0.0,0.0
A0A3Q7I6V9,0.0,0.0,0.0,0.0,0.0,0.0,0.0,0.0,0.0,0.0,0.0,0.0,0.03112,0.0,0.0,0.0,0.0,0.0,0.0,0.0,0.0,0.07346,0.03673,0.0,0.0,0.0,0.0
A0A3Q7I767,0.0,0.0,0.0,12.6442,14.7391,2.50832,1.33677,7.23813,3.04152,0.0,0.0,0.0,5.77543,0.93743,3.55106,7.88747,2.11694,4.09934,0.0,0.0,0.0,2.4446,2.16778,1.89096,31.53347,5.96689,5.96689
A0A3Q7I7B3,0.0,0.65522,0.65522,0.0,0.0,0.96907,0.87012,0.0,0.0,0.0,0.0,0.0,0.59854,0.41048,0.0,0.69977,0.22809,0.0,0.39234,0.39234,0.39234,0.36872,0.41343,0.45814,0.0,0.0,0.0
A0A3Q7I7G3,0.0,0.0,0.0,0.0,0.0,0.0,0.0,0.0,0.0,0.0,0.0,0.0,0.18693,0.17191,0.0,0.0,0.21484,0.0,0.0,0.0,0.0,0.0,0.0,0.0,0.0,0.0,0.0
A0A3Q7I7H2,0.29889,0.34049,0.34049,0.0,0.0,0.0,0.0,0.0,0.0,0.0,0.0,4.39311,1.80708,0.49187,0.0,0.0,1.53261,0.0,0.0,0.0,0.0,0.0,2.45436,4.90872,0.0,0.0,0.0
A0A3Q7I7R7,0.0,0.0,0.0,0.0,0.0,0.0,0.29482,0.0,0.0,0.0,0.0,0.0,0.0,0.0,0.0,0.15782,0.0,0.0,0.0,0.0,0.0,0.0,0.0,0.0,0.0,0.0,0.0
A0A3Q7I7T0,0.4061,0.0,0.0,0.0,0.0,0.0,0.07945,0.0,0.0,0.0,0.0,0.0,0.27849,0.15928,0.0,0.17405,0.19827,0.0,0.0,0.0,0.0,0.10758,0.25456,0.40154,0.0,0.0,0.0
A0A3Q7I7U0,0.0,0.0,0.0,0.0,0.0,0.0,0.0,0.0,0.0,0.0,0.0,0.0,0.0,0.0,0.0,0.0358,0.0,0.0,0.0,0.0,0.0,0.14739,0.07369,0.0,0.0,0.0,0.0
A0A3Q7I881,0.0,0.0,0.0,0.0,0.0,0.0,0.0,0.0,0.0,0.0,0.0,0.0,0.10059,0.0,0.0,0.08276,0.0,0.0,0.0,0.0,0.0,0.0,0.0,0.0,0.0,0.0,0.0
A0A3Q7I8A0,0.0,0.0,0.0,0.0,0.0,0.0,0.04116,0.0,0.0,0.0,0.0,0.0,0.0,0.0,0.0,0.03223,0.0,0.0,0.0,0.0,0.0,0.0,0.0,0.0,0.0,0.0,0.0
A0A3Q7I8V2,0.0,0.0,0.0,0.0,0.0,0.0,0.0,0.0,0.0,0.0,0.0,0.0,0.0,0.0,0.0,0.0,0.0,0.0,0.0,0.0,0.0,0.05782,0.02891,0.0,0.0,0.0,0.0
A0A3Q7I956,0.0,0.0,0.0,0.0,0.0,0.0,0.06365,0.0,0.0,0.0,0.0,0.0,0.05682,0.0,0.0,0.06285,0.07345,0.0,0.0,0.0,0.0,0.13412,0.06706,0.0,0.0,0.0,0.0
A0A3Q7I9A2,0.0,0.0,0.0,0.0,0.0,0.0,0.09285,0.0,0.0,0.0,0.0,0.0,0.0,0.0,0.0,0.03499,0.0,0.0,0.0,0.0,0.0,0.0,0.0,0.0,0.0,0.0,0.0
A0A3Q7I9A3,0.0,0.0,0.0,0.0,0.0,0.0,0.0402,0.0,0.0,0.0,0.0,0.0,0.04136,0.0,0.0,0.03936,0.04639,0.0,0.0,0.0,0.0,0.08246,0.04123,0.0,0.0,0.0,0.0
A0A3Q7I9H4,0.0,0.24417,0.24417,0.0,0.0,0.0,0.23164,0.0,0.68726,0.0,0.0,0.0,0.13914,0.33961,0.0,0.10717,0.66385,0.0,0.33023,0.33023,0.33023,0.0,0.0,0.0,0.0,0.0,0.0
A0A3Q7I9U4,0.0,0.0,0.0,0.0,0.0,0.0,1.94078,0.0,0.0,0.0,0.0,0.0,0.81419,0.0,0.0,0.77621,0.74338,0.0,0.0,0.0,0.0,0.84504,0.42252,0.0,0.0,0.0,0.0
A0A3Q7I9X4,0.0,0.0,0.0,0.0,0.0,0.0,0.44559,0.0,0.0,0.0,0.0,0.0,0.0781,0.0,0.0,0.0,0.0,0.0,0.0,0.0,0.0,0.0,0.0,0.0,0.0,0.0,0.0
A0A3Q7IA56,0.0,0.0,0.0,0.0,0.0,0.0,0.0,0.0,0.0,0.0,0.0,0.0,0.0,0.0,0.0,0.11143,0.0,0.0,0.0,0.0,0.0,0.0,0.0,0.0,0.0,0.0,0.0
A0A3Q7IA99,0.0,0.0,0.0,0.0,0.0,0.0,0.4183,0.0,0.0,0.0,0.0,0.0,0.17548,0.0,0.0,0.28905,0.12868,0.0,0.0,0.0,0.0,0.0,0.0,0.0,0.0,0.0,0.0
A0A3Q7IAA7,0.0,0.0,0.0,0.0,0.0,0.0,0.0,0.0,0.0,0.0,0.0,0.0,0.0,0.0,0.0,0.00817,0.0,0.0,0.0,0.0,0.0,0.0,0.0,0.0,0.0,0.0,0.0
A0A3Q7IAT1,0.0,0.0,0.0,0.0,0.0,0.0,0.0,0.0,0.0,0.0,0.0,0.0,0.38029,0.0,0.0,0.11868,0.23472,0.0,0.0,0.0,0.0,0.0,0.0,0.0,0.0,0.0,0.0
A0A3Q7IAU4,0.22092,0.52418,0.52418,0.0,0.0,0.0,0.0,0.0,0.0,0.0,0.0,0.0,0.0,0.0,0.0,0.0,0.0,0.0,0.32114,0.32114,0.32114,0.0,0.0,0.0,0.0,0.0,0.0
A0A3Q7IB06,0.0,0.0,0.0,0.0,0.0,0.0,0.0,0.0,0.0,0.0,0.0,0.0,0.0,0.0,0.0,0.02555,0.0,0.0,0.0,0.0,0.0,0.0,0.0,0.0,0.0,0.0,0.0
A0A3Q7IB13,0.0,0.0,0.0,0.0,0.0,0.0,0.0,0.0,0.0,0.0,0.0,0.0,0.03734,0.0,0.0,0.03361,0.10272,0.0,0.0,0.0,0.0,0.13839,0.0692,0.0,0.0,0.0,0.0
A0A3Q7IB19,0.17868,0.09408,0.09408,0.0,0.0,0.0,0.0,0.0,0.0,0.0,0.0,0.0,0.0,0.0,0.0,0.01484,0.0,0.0,0.12724,0.12724,0.12724,0.0,0.0,0.0,0.0,0.0,0.0
A0A3Q7IB32,0.0,0.0,0.0,0.0,0.0,0.0,0.0,0.0,0.0,0.0,0.0,0.0,0.06244,0.0,0.0,0.08276,0.0,0.0,0.0,0.0,0.0,0.0,0.0,0.0,0.0,0.0,0.0
A0A3Q7IB34,0.0,0.0,0.0,0.0,0.0,0.0,0.0,0.0,0.0,0.0,0.0,0.0,0.02831,0.0,0.0,0.06734,0.0,0.0,0.0,0.0,0.0,0.0,0.0,0.0,0.0,0.0,0.0
A0A3Q7IBT3,0.0,0.0,0.0,0.0,0.0,0.0,0.0,0.0,0.0,0.0,0.0,0.0,0.01666,0.0,0.0,0.0,0.0,0.0,0.0,0.0,0.0,0.03933,0.01966,0.0,0.0,0.0,0.0
A0A3Q7IBU5,0.47433,0.0,0.0,0.0,0.0,0.0,0.08567,0.0,0.56541,0.0,0.0,0.0,0.0,0.0,0.0,0.0,0.0,0.0,0.0,0.0,0.0,0.0,0.0,0.0,0.0,0.0,0.0
A0A3Q7IBY7,0.0,0.0,0.0,0.0,0.0,0.0,0.0,0.0,0.0,0.0,0.0,0.0,0.08794,0.0,0.0,0.15379,0.0,0.0,0.0,0.0,0.0,0.12986,0.06493,0.0,0.0,0.0,0.0
A0A3Q7IDI1,0.0,0.0,0.0,0.0,0.0,0.0,0.0,0.0,0.0,0.0,0.0,0.0,0.05862,0.0,0.0,0.05387,0.0,0.0,0.0,0.0,0.0,0.0,0.0,0.0,0.0,0.0,0.0
A0A3Q7IDX8,0.67738,0.0,0.0,0.0,0.0,0.0,0.0,0.0,0.0,0.0,0.0,0.0,0.08091,0.0,0.0,0.0,0.0,0.0,0.0,0.0,0.0,0.0,0.0,0.0,0.0,0.0,0.0
A0A3Q7IF15,0.0,0.0,0.0,0.0,0.0,0.0,0.0,0.0,0.0,0.0,0.0,0.0,0.052,0.0,0.0,0.0,0.0,0.0,0.0,0.0,0.0,0.12275,0.06137,0.0,0.0,0.0,0.0
A0A3Q7IFK3,0.0,0.0,0.0,0.0,0.0,0.0,0.0,0.0,0.0,0.0,0.0,0.0,0.0,0.0,0.0,0.04028,0.0,0.0,0.0,0.0,0.0,0.0,0.0,0.0,0.0,0.0,0.0
A0A3Q7IFL7,0.0,0.0,0.0,0.0,0.0,0.0,0.0,0.0,0.0,0.0,0.0,0.0,0.0,0.0,0.0,0.05387,0.0,0.0,0.0,0.0,0.0,0.0,0.0,0.0,0.0,0.0,0.0
A0A3Q7IGH0,0.0,0.0,0.0,0.0,0.0,0.0,0.08232,0.0,0.0,0.0,0.0,0.0,0.0,0.0,0.0,0.01979,0.0,0.0,0.0,0.0,0.0,0.0,0.0,0.0,0.0,0.0,0.0
A0A3Q7IGH7,0.0,0.0,0.0,0.0,0.0,3.54779,2.54144,17.53856,0.0,0.0,0.0,0.0,2.98148,2.09169,0.0,1.03602,2.93268,0.0,0.0,0.0,0.0,0.7166,0.3583,0.0,0.0,4.83449,4.83449
A0A3Q7IGQ1,0.0,0.0,0.0,0.0,0.0,0.0,0.0,0.0,0.0,0.0,0.0,0.0,0.0,0.0,0.0,0.13284,0.0,0.0,0.0,0.0,0.0,0.0,0.0,0.0,0.0,0.0,0.0
A0A3Q7IGR5,0.0,0.0,0.0,0.0,0.0,0.0,0.0,0.0,0.0,0.0,0.0,0.0,0.0,0.0,0.0,0.06469,0.0,0.0,0.0,0.0,0.0,0.0,0.0,0.0,0.0,0.0,0.0
A0A3Q7IGT1,0.0,0.0,0.0,0.0,0.0,0.0,0.10146,0.0,0.0,0.0,0.0,0.0,0.0,0.0,0.0,0.03844,0.0,0.0,0.0,0.0,0.0,0.0,0.0,0.0,0.0,0.0,0.0
A0A3Q7IHK1,0.0,0.0,0.0,0.0,0.0,0.0,0.0,0.0,0.0,0.0,0.0,0.0,0.05862,0.0,0.0,0.05387,0.0,0.0,0.0,0.0,0.0,0.0,0.0,0.0,0.0,0.0,0.0
A0A3Q7IHL0,0.0,0.0,0.0,0.0,0.0,0.0,0.0,0.0,0.0,0.0,0.0,0.0,0.03734,0.0,0.0,0.0,0.0,0.0,0.0,0.0,0.0,0.08815,0.04408,0.0,0.0,0.0,0.0
A0A3Q7IHS3,0.0,0.0,0.0,0.0,0.0,0.0,0.15985,0.0,0.0,0.0,0.0,0.0,0.21162,0.0,0.0,0.03844,0.0,0.0,0.0,0.0,0.0,0.25593,0.12796,0.0,0.0,0.0,0.0
A0A3Q7IIB9,0.0,0.0,0.0,0.0,0.0,0.0,0.0,0.0,0.0,0.0,0.0,0.0,0.0,0.0,0.0,0.0191,0.0,0.0,0.0,0.0,0.0,0.0,0.0,0.0,0.0,0.0,0.0
A0A3Q7IIH8,0.0,0.0,0.0,0.0,0.0,0.0,0.0,0.0,0.0,0.0,0.0,0.0,0.0,0.0,0.0,0.01669,0.0,0.0,0.0,0.0,0.0,0.0,0.0,0.0,0.0,0.0,0.0
A0A3Q7IIS5,0.60753,0.79635,0.79635,0.0,0.0,0.60772,0.81938,1.92553,1.74985,0.0,0.0,0.0,0.30359,0.2519,2.15137,0.61125,0.54953,0.0,1.07704,1.07704,1.07704,0.81139,0.63477,0.45814,0.0,3.74564,3.74564
A0A3Q7IIZ3,0.0,0.0,0.0,0.0,0.0,0.0,0.0,0.0,0.0,0.0,0.0,0.0,0.0,0.0,0.0,0.0,0.63734,0.0,0.0,0.0,0.0,0.0,0.0,0.0,0.0,0.0,0.0
A0A3Q7IJ63,0.0,0.0,0.0,0.0,0.0,0.0,0.23978,0.0,0.0,0.0,0.0,0.0,0.0,0.0,0.0,0.0,0.0,0.0,0.0,0.0,0.0,0.0,0.27507,0.55013,0.0,0.0,0.0
A0A3Q7IJ81,0.0,0.0,0.0,0.0,0.0,0.0,0.0,0.0,0.0,0.0,0.0,0.0,0.0,0.0,0.0,0.0,0.0,0.0,0.0,0.0,0.0,0.10047,0.05024,0.0,0.0,0.0,0.0
A0A3Q7IJE6,0.0,0.0,0.0,0.0,0.0,0.0,0.0,0.0,0.0,0.0,0.0,0.0,0.0,0.0,0.0,0.04892,0.0,0.0,0.0,0.0,0.0,0.0,0.0,0.0,0.0,0.0,0.0
A0A3Q7IJK5,0.0,0.0,0.0,0.0,0.0,0.0,0.0,0.0,0.0,0.0,0.0,0.0,0.0,0.0,0.0,0.08955,0.0,0.0,0.0,0.0,0.0,0.0,0.0,0.0,0.0,0.0,0.0
A0A3Q7IJL2,0.0,0.0,0.0,0.0,0.0,0.0,0.0,0.0,0.0,0.0,0.0,0.0,0.13412,0.80973,0.0,0.0,0.0,0.0,0.0,0.0,0.0,0.0,0.0,0.0,0.0,0.0,0.0
A0A3Q7IJL4,0.0,0.29009,0.29009,0.0,0.0,0.0,0.0,0.0,0.0,0.0,0.0,0.0,0.08292,0.0,0.0,0.0,0.0,0.0,0.0,0.0,0.0,0.0,0.0,0.0,0.0,0.0,0.0
A0A3Q7IJQ0,0.0,0.0,0.0,0.0,0.0,0.0,0.27999,0.0,0.0,0.0,0.0,0.0,0.0,0.0,0.0,0.11453,0.0,0.0,0.0,0.0,0.0,0.0,0.0,0.0,0.0,0.0,0.0
A0A3Q7IJU2,0.0,0.0,0.0,0.0,0.0,0.0,0.0,0.0,0.0,0.0,0.0,0.0,0.04256,0.0,0.0,0.13284,0.11708,0.0,0.0,0.0,0.0,0.10047,0.05024,0.0,0.0,0.0,0.0
A0A3Q7IJV9,0.0,0.0,0.0,0.0,0.0,0.0,0.0,0.0,0.0,0.0,0.0,0.0,0.0,0.0,0.0,0.02555,0.0,0.0,0.0,0.0,0.0,0.0,0.0,0.0,0.0,0.0,0.0
A0A3Q7IJX7,0.0,0.0,0.0,0.0,0.0,0.0,0.52121,0.0,0.46792,0.0,0.0,0.0,0.08935,0.0,0.0,0.17405,0.17562,0.0,0.0,0.0,0.0,0.15071,0.07536,0.0,0.0,0.0,0.0
A0A3Q7IKJ5,0.0,0.0,0.0,0.0,0.0,0.0,0.08902,0.0,0.0,0.0,0.0,0.0,0.0,0.0,0.0,0.11258,0.0,0.0,0.0,0.0,0.0,0.0,0.0,0.0,0.0,0.0,0.0
A0A3Q7IKN3,0.0,0.0,0.0,0.0,0.0,0.0,0.0,0.0,0.0,0.0,0.0,0.0,0.0,0.0,0.0,0.01266,0.0,0.0,0.0,0.0,0.0,0.0,0.0,0.0,0.0,0.0,0.0
A0A3Q7IKU9,0.0,0.0,0.0,0.0,0.0,0.0,0.27999,0.0,0.0,0.0,0.0,0.0,0.0,0.0,0.0,0.0,0.83506,0.0,0.0,0.0,0.0,0.0,0.0,0.0,0.0,0.0,0.0
A0A3Q7IKX3,0.0,0.0896,0.0896,0.0,0.0,0.0,0.0,0.0,0.0,0.0,0.0,0.0,0.02449,0.0,0.0,0.0,0.0,0.0,0.0,0.0,0.0,0.05782,0.02891,0.0,0.0,0.0,0.0
A0A3Q7IL38,0.0,0.0,0.0,0.0,0.0,0.0,0.0,0.0,0.0,0.0,0.0,0.0,0.0,0.0,0.0,0.02348,0.0,0.0,0.0,0.0,0.0,0.0,0.0,0.0,0.0,0.0,0.0
A0A3Q7ILD3,0.51656,0.53538,0.53538,0.0,0.0,0.21352,0.06652,0.0,0.0,0.0,0.0,0.0,0.16805,0.09753,0.0,0.02187,0.07676,0.0,0.45141,0.45141,0.45141,0.16825,0.25217,0.33609,0.0,0.0,0.0
A0A3Q7ILN9,0.0,0.0,0.0,0.0,0.0,0.0,0.0,0.0,0.0,0.0,0.0,0.0,0.10059,0.0,0.0,0.05767,0.0,0.0,0.0,0.0,0.0,0.0,0.0,0.0,0.0,0.0,0.0
A0A3Q7ILP6,0.0,0.0,0.0,0.0,0.0,0.0,0.0,0.0,0.0,0.0,0.0,0.0,0.1281,0.0,0.0,0.14688,0.0,0.0,0.0,0.0,0.0,0.0,0.0,0.0,0.0,0.0,0.0
A0A3Q7ILR9,0.0,0.0,0.0,0.0,0.0,0.0,0.29865,0.0,0.62877,0.0,0.0,0.0,0.14557,0.19225,0.0,0.24887,0.29161,0.0,0.0,0.0,0.0,0.06113,0.03056,0.0,0.0,0.0,0.0
A0A3Q7ILV3,0.0,0.0,0.0,0.0,0.0,0.0,0.0,0.0,0.0,0.0,0.0,0.0,0.13412,0.0,0.0,0.10314,0.0,0.0,0.0,0.0,0.0,0.0,0.0,0.0,0.0,0.0,0.0
A0A3Q7ILY0,2.45614,1.37541,1.37541,0.0,0.0,2.88141,0.69973,0.0,0.0,4.00051,0.0,0.0,0.61481,1.02584,0.0,0.65614,0.0,0.0,2.21468,2.21468,2.21468,0.0,0.72791,1.45581,0.0,0.0,0.0
A0A3Q7IM38,0.0,0.0,0.0,0.0,0.0,0.0,0.39102,0.0,0.0,0.0,0.0,0.0,0.16404,0.0,0.0,0.20524,0.0,0.0,0.0,0.0,0.0,0.54693,0.27347,0.0,0.0,0.0,0.0
A0A3Q7IM48,0.0,0.0,0.0,0.0,0.0,0.0,0.0,0.0,0.0,0.0,0.0,0.0,0.0267,0.0,0.0,0.02359,0.0,0.0,0.0,0.0,0.0,0.0,0.0,0.0,0.0,0.0,0.0
A0A3Q7IM60,0.0,0.0,0.0,0.0,0.0,0.0,0.0,0.0,0.0,0.0,0.0,0.0,0.0,0.0,0.0,0.03361,0.0,0.0,0.0,0.0,0.0,0.0,0.0,0.0,0.0,0.0,0.0
A0A3Q7IM99,0.0,0.0,0.0,0.0,0.0,0.0,0.20341,0.0,0.0,0.0,0.0,0.0,0.20701,0.29821,0.0,0.16392,0.38715,0.0,0.0,0.0,0.0,0.33223,0.16612,0.0,0.0,0.0,0.0
A0A3Q7IMD9,0.0,0.39201,0.39201,0.0,0.0,0.0,0.0,0.0,0.0,0.0,0.0,0.0,0.0,0.0,0.0,0.0,0.0,0.0,0.0,0.0,0.0,0.30806,0.15403,0.0,0.0,0.0,0.0
A0A3Q7IMF7,0.23554,0.0,0.0,0.0,0.0,0.0,0.0,0.0,0.0,0.0,0.0,0.0,0.03413,0.11928,0.0,0.0,0.0,0.0,0.0,0.0,0.0,0.41422,0.47156,0.5289,0.0,0.0,0.0
A0A3Q7IMR6,0.0,0.0,0.0,0.0,0.0,0.0,0.0,0.0,0.0,0.0,0.0,0.0,0.0,0.0,0.0,0.08955,0.0,0.0,0.0,0.0,0.0,0.0,0.0,0.0,0.0,0.0,0.0
A0A3Q7IMU3,0.95029,0.0,0.0,0.0,0.0,0.0,0.0,0.0,0.0,0.0,0.0,0.0,0.13412,0.0,0.0,0.2986,0.0,0.0,0.0,0.0,0.0,0.63792,0.31896,0.0,0.0,0.0,0.0
A0A3Q7IMV7,0.0,0.0,0.0,0.0,0.0,0.0,0.07801,0.0,0.0,0.0,0.0,0.0,0.0,0.0,0.0,0.00897,0.0,0.0,0.0,0.0,0.0,0.05687,0.02843,0.0,0.0,0.0,0.0
A0A3Q7IN43,0.21604,0.34049,0.34049,0.0,0.0,0.0,0.0,0.0,0.0,0.0,0.0,0.0,0.20701,0.0,0.0,0.18982,0.0,0.0,0.29387,0.29387,0.29387,0.33223,0.16612,0.0,0.0,0.0,0.0
A0A3Q7IN81,0.0,0.0,0.0,0.0,0.0,0.0,0.0,0.0,0.0,0.0,0.0,0.0,0.0,0.0,0.0,0.0,0.0,0.0,0.0,0.0,0.0,0.66541,0.3327,0.0,0.0,0.0,0.0
A0A3Q7INV1,0.0,0.0,0.0,0.0,0.0,0.0,0.0,0.0,0.0,0.0,0.0,0.0,0.0,0.0,0.0,0.01784,0.0,0.0,0.0,0.0,0.0,0.0,0.0,0.0,0.0,0.0,0.0
A0A3Q7INZ6,0.0,0.65522,0.65522,0.0,0.0,0.0,0.0,6.78575,0.0,0.0,0.0,0.0,0.46401,0.31224,0.0,0.0,0.0,0.0,0.0,0.0,0.0,1.41282,0.70641,0.0,0.0,0.0,0.0
A0A3Q7IPI1,0.0,0.0,0.0,0.0,0.0,0.0,0.0,0.0,0.0,0.0,0.0,0.0,0.03212,0.0,0.0,0.01841,0.0,0.0,0.0,0.0,0.0,0.0,0.0,0.0,0.0,0.0,0.0
A0A3Q7IPM4,0.0,0.0,0.0,0.0,0.0,0.0,0.0,0.0,0.0,0.0,0.0,0.0,0.0,0.0,0.0,0.0282,0.0,0.0,0.0,0.0,0.0,0.0,0.0,0.0,0.0,0.0,0.0
A0A3Q7IPT1,0.0,0.08624,0.08624,0.0,0.0,0.0,0.0,0.0,0.0,0.0,0.0,0.0,0.0,0.0,0.0,0.0,0.0,0.0,0.0,0.0,0.0,0.0,0.0,0.0,0.0,0.0,0.0
A0A3Q7IPW3,0.0,0.0,0.0,0.0,0.0,0.0,0.0,0.0,0.0,0.0,0.0,0.0,0.0,0.0,0.0,0.07183,0.0,0.0,0.0,0.0,0.0,0.0,0.0,0.0,0.0,0.0,0.0
A0A3Q7IQI8,0.0,0.0,0.0,0.0,0.0,0.0,0.0,0.0,0.0,0.0,0.0,0.0,0.0,0.0,0.0,0.0,0.40317,0.0,0.0,0.0,0.0,0.0,0.0,0.0,0.0,0.0,0.0
A0A3Q7IQK0,0.0,0.0,0.0,0.0,0.0,0.0,0.0,0.0,0.0,0.0,0.0,0.0,0.0,0.0,0.0,0.0366,0.0,0.0,0.0,0.0,0.0,0.0,0.0,0.0,0.0,0.0,0.0
A0A3Q7IQT6,0.0,0.0,0.0,0.0,0.0,0.0,0.0,0.0,0.0,0.0,0.0,0.0,0.0,0.0,0.0,0.0,0.23472,0.0,0.0,0.0,0.0,0.0,0.0,0.0,0.0,0.0,0.0
A0A3Q7IQV2,0.0,0.0,0.0,0.0,0.0,0.0,0.0,0.0,0.0,0.0,0.0,0.0,0.0,0.0,0.0,0.01404,0.0,0.0,0.0,0.0,0.0,0.05782,0.02891,0.0,0.0,0.0,0.0
A0A3Q7IR67,0.0,0.0,0.0,0.0,0.0,0.0,0.0,0.0,0.0,0.0,0.0,0.0,0.0,0.0,0.0,0.07183,0.0,0.0,0.0,0.0,0.0,0.0,0.0,0.0,0.0,0.0,0.0
A0A3Q7IRF8,0.0,0.0,0.0,0.0,0.0,0.0,0.14884,0.0,0.0,0.0,0.0,0.0,0.03975,0.0,0.0,0.05767,0.08008,0.0,0.0,0.0,0.0,0.04455,0.02227,0.0,0.0,0.0,0.0
A0A3Q7IRK5,0.0,0.0,0.0,0.0,0.0,0.0,0.0,0.0,0.0,0.0,0.0,0.0,0.0,0.0,0.0,0.02912,0.0,0.0,0.0,0.0,0.0,0.0,0.0,0.0,0.0,0.0,0.0
A0A3Q7IRM3,0.0,0.0,0.0,0.0,0.0,0.0,0.0,0.0,0.0,0.0,0.0,0.0,0.04517,0.0,0.0,0.06987,0.0,0.0,0.0,0.0,0.0,0.06872,0.03436,0.0,0.0,0.0,0.0
A0A3Q7IRR8,0.0,0.0,0.0,0.0,0.0,0.0,0.0,0.0,0.0,0.0,0.0,0.0,0.0,0.0,0.0,0.15079,0.0,0.0,0.0,0.0,0.0,0.0,0.0,0.0,0.0,0.0,0.0
A0A3Q7IRS4,0.24528,0.33713,0.33713,0.0,0.0,0.0,0.38672,0.0,0.0,0.0,0.0,0.0,0.18693,0.09893,0.0,0.26107,0.1204,0.0,0.45596,0.45596,0.45596,0.18436,0.09218,0.0,0.0,0.0,0.0
A0A3Q7IS88,0.0,0.0,0.0,0.0,0.0,0.0,0.593,0.0,0.0,0.0,0.0,0.0,0.4341,0.5459,0.0,0.34315,0.68429,0.0,0.0,0.0,0.0,0.19573,0.09786,0.0,0.0,0.0,0.0
A0A3Q7ISK0,0.0,0.0,0.0,0.0,0.0,0.0,0.3355,0.0,0.0,0.0,0.0,0.0,0.0,0.0,0.0,0.11868,0.38715,0.0,0.0,0.0,0.0,0.0,0.0,0.0,0.0,0.0,0.0
A0A3Q7ISV4,0.0,0.0,0.0,0.0,0.0,0.0,0.0,0.0,0.0,0.0,0.0,0.0,0.05862,0.0,0.0,0.07689,0.16126,0.0,0.0,0.0,0.0,0.13839,0.0692,0.0,0.0,0.0,0.0
A0A3Q7ISW6,0.0,0.0,0.0,0.0,0.0,0.0,0.0,0.0,0.0,0.0,0.0,0.0,0.06706,0.0,0.0,0.06216,0.0,0.0,0.0,0.0,0.0,0.15829,0.07914,0.0,0.0,0.0,0.0
A0A3Q7ITD1,0.73099,0.1792,0.1792,0.0,0.0,0.0,0.32641,0.0,0.77987,0.0,0.0,0.0,0.06947,0.0,3.24002,0.29181,0.08836,0.0,0.3787,0.3787,0.3787,0.16398,0.2235,0.28302,0.0,0.0,0.0
A0A3Q7ITL4,0.0,0.0,0.0,0.0,0.0,0.0,0.0,0.0,0.0,0.0,0.0,0.0,0.17749,0.0,0.0,0.03844,0.06737,0.0,0.0,0.0,0.0,0.27725,0.36769,0.45814,0.0,0.0,0.0
A0A3Q7ITW6,0.0,0.0,0.0,0.0,0.0,0.0,0.0,0.0,0.0,0.0,0.0,0.0,0.0,0.0,0.0,0.34315,0.0,0.0,0.0,0.0,0.0,0.0,0.0,0.0,0.0,0.0,0.0
A0A3Q7ITY0,0.0,0.0,0.0,0.0,0.0,0.0,0.0,0.0,0.0,0.0,0.0,0.0,0.0,0.0,0.0,0.0206,0.0,0.0,0.0,0.0,0.0,0.0,0.0,0.0,0.0,0.0,0.0
A0A3Q7IUI9,0.0,0.0,0.0,0.0,0.0,0.0,0.15985,0.0,0.0,0.0,0.0,0.0,0.04256,0.0,0.0,0.15782,0.11708,0.0,0.0,0.0,0.0,0.15829,0.07914,0.0,0.0,0.0,0.0
A0A3Q7IV51,0.0,0.0,0.0,0.0,0.0,0.0,0.0,0.0,0.0,0.0,0.0,0.0,0.0,0.0,0.0,0.0,0.0,0.0,0.0,0.0,0.0,0.04549,0.02275,0.0,0.0,0.0,0.0
A0A3Q7IVC4,0.0,0.0,0.0,0.0,0.0,0.0,0.0,0.0,0.0,0.0,0.0,0.0,0.0,0.0,0.0,0.04305,0.0,0.0,0.0,0.0,0.0,0.0,0.0,0.0,0.0,0.0,0.0
A0A3Q7IVH1,0.0,0.0,0.0,0.0,0.0,0.0,0.0,0.0,0.0,0.0,0.0,0.0,0.0,0.0,0.0,0.0,0.0,0.0,0.0,0.0,0.0,0.05165,0.02583,0.0,0.0,0.0,0.0
A0A3Q7IWI5,0.2599,1.64758,1.64758,0.0,0.0,0.91275,0.0,0.0,0.0,0.0,0.0,0.0,5.18572,3.94973,0.0,0.0,7.12183,4.1891,0.0,0.0,0.0,0.0,6.02668,12.05335,0.0,0.0,0.0
A0A3Q7IXE6,0.0,0.0,0.0,0.0,0.0,0.0,0.0,0.0,0.0,0.0,0.0,0.0,0.0,0.0,0.0,0.0,0.0,0.0,0.0,0.0,0.0,0.16256,0.08128,0.0,0.0,0.0,0.0
A0A3Q7IXT2,0.0,0.0,0.0,0.0,0.0,0.0,0.0,0.0,0.0,0.0,0.0,0.0,0.0,0.0,0.0,0.01784,0.0,0.0,0.0,0.0,0.0,0.0,0.0,0.0,0.0,0.0,0.0
A0A3Q7IXY6,0.4857,0.49842,0.49842,0.0,0.0,0.0,0.21298,0.0,0.0,0.0,0.0,0.0,0.04055,0.0,0.0,0.17405,0.0,0.0,0.0,0.0,0.0,0.0,0.0,0.0,0.0,0.0,0.0
A0A3Q7IY72,0.0,0.0,0.0,0.0,0.0,0.0,0.0,0.0,0.0,0.0,0.0,0.0,0.0,0.0,0.0,0.0,0.0,0.0,0.0,0.0,0.0,0.20142,0.10071,0.0,0.0,0.0,0.0
A0A3Q7IYI9,0.79922,0.47601,0.47601,0.0,0.0,0.0,0.0,0.0,0.0,0.0,0.0,0.0,0.49293,0.0,0.0,0.0,0.0,0.0,0.0,0.0,0.0,0.81897,0.40948,0.0,0.0,0.0,0.0
A0A3Q7IYK0,0.0,6.51083,6.51083,0.0,0.0,0.0,0.0,0.0,5.62487,0.0,0.0,0.0,6.1487,6.31508,0.0,0.13284,0.0,0.0,3.27506,3.27506,3.27506,2.75504,1.37752,0.0,0.0,0.0,0.0
A0A3Q7IYZ1,0.0,0.0,0.0,0.0,0.0,0.0,0.0,0.0,0.0,0.0,0.0,0.0,0.0,0.0,0.0,0.53217,0.0,0.0,1.74811,1.74811,1.74811,0.0,0.0,0.0,0.0,0.0,0.0
A0A3Q7IZ03,0.0,0.0,0.0,0.0,0.0,0.0,0.0,2.37791,0.0,0.0,0.0,0.0,0.0,0.0,0.0,0.16,0.0,0.0,0.0,0.0,0.0,1.07206,0.53603,0.0,0.0,0.0,0.0
A0A3Q7IZI6,0.0,0.0,0.0,0.0,0.0,0.0,0.0,0.0,0.0,0.0,0.0,0.0,0.0,0.0,0.0,0.02682,0.0,0.0,0.0,0.0,0.0,0.0,0.0,0.0,0.0,0.0,0.0
A0A3Q7IZK1,0.0,0.0,0.0,0.0,0.0,0.0,0.0,0.0,0.0,0.0,0.0,0.0,0.0,0.0,0.0,0.13284,0.0,0.0,0.0,0.0,0.0,0.0,0.0,0.0,0.0,0.0,0.0
A0A3Q7IZR8,0.0,0.0,0.0,0.0,0.0,0.0,0.0,0.0,0.0,0.0,0.0,0.0,0.0,0.0,0.0,0.0,0.0,0.0,0.0,0.0,0.0,0.04786,0.02393,0.0,0.0,0.0,0.0
A0A3Q7IZW2,0.0,0.0,0.0,0.0,0.0,0.0,0.0,0.0,0.0,0.0,0.0,0.0,0.04055,0.0,0.0,0.05122,0.0,0.0,0.0,0.0,0.0,0.0,0.0,0.0,0.0,0.0,0.0
A0A3Q7J033,0.0,0.0,0.0,0.0,0.0,0.0,0.0,0.0,0.0,0.0,0.0,0.0,0.0,0.0,0.0,0.00817,0.0,0.0,0.0,0.0,0.0,0.0,0.0,0.0,0.0,0.0,0.0
A0A3Q7J082,0.0,0.0,0.0,0.0,0.0,0.0,0.0,0.0,0.0,0.0,0.0,0.0,0.0,0.0,0.0,0.0,0.0,0.0,0.0,0.0,0.0,0.47678,0.23839,0.0,0.0,0.0,0.0
A0A3Q7J0B1,0.0,0.0,0.0,0.0,0.0,0.0,0.0,0.0,0.0,0.0,0.0,0.0,0.0,0.0,0.0,0.0244,0.0,0.0,0.0,0.0,0.0,0.0,0.0,0.0,0.0,0.0,0.0
A0A3Q7J0I3,0.0,0.168,0.168,0.0,0.0,0.0,0.07179,0.0,0.0,0.0,0.0,0.0,0.2317,0.16349,0.0,0.21273,0.28719,0.0,0.0,0.0,0.0,0.41422,0.41319,0.41215,0.0,0.0,0.0
A0A3Q7J0J5,0.0,0.0,0.0,0.0,0.0,0.0,0.0,0.0,0.0,0.0,0.0,0.0,0.0,0.0,0.0,0.13284,0.0,0.0,0.0,0.0,0.0,0.0,0.0,0.0,0.0,0.0,0.0
A0A3Q7J0Z4,2.22709,0.0,0.0,0.0,0.0,0.0,0.0,0.0,0.0,0.0,0.0,0.0,0.0,0.0,0.0,0.26361,0.0,0.0,0.0,0.0,0.0,0.0,0.0,0.0,0.0,0.0,0.0
A0A3Q7J166,0.0,0.0,0.0,0.0,0.0,0.0,0.0,0.0,0.0,0.0,0.0,0.0,0.0259,0.0,0.0,0.0229,0.0,0.0,0.0,0.0,0.0,0.0,0.0,0.0,0.0,0.0,0.0
A0A3Q7J176,0.0,0.0,0.0,0.0,0.0,0.0,0.0,0.0,0.0,0.0,0.0,0.0,0.0,0.0,0.0,0.05985,0.0,0.0,0.0,0.0,0.0,0.0,0.0,0.0,0.0,0.0,0.0
A0A3Q7J1A3,0.0,0.0,0.0,0.0,0.0,0.0,1.03476,0.0,0.0,0.0,0.0,0.0,0.0,0.0,0.0,0.0,4.97064,0.0,0.0,0.0,0.0,0.0,0.0,0.0,0.0,0.0,0.0
A0A3Q7J1A5,0.0,0.0,0.0,0.0,0.0,0.0,0.09668,0.0,0.0,0.0,0.0,0.0,0.04055,0.0,0.0,0.10417,0.0,0.0,0.0,0.0,0.0,0.09573,0.04786,0.0,0.0,0.0,0.0
A0A3Q7J1A7,0.0,0.0,0.0,0.0,0.0,0.0,0.0,0.0,0.0,0.0,0.0,0.0,0.0,0.0,0.0,0.00966,0.0,0.0,0.0,0.0,0.0,0.0,0.0,0.0,0.0,0.0,0.0
A0A3Q7J1U2,0.0,0.0,0.0,0.0,0.0,0.0,0.0,0.0,0.0,0.0,0.0,0.0,0.27025,0.28558,0.0,0.0,0.29382,0.0,0.0,0.0,0.0,0.0,0.35997,0.71994,0.0,0.0,0.0
A0A3Q7J1V3,0.0,0.47601,0.47601,0.0,0.0,0.0,0.0,0.0,0.0,0.0,0.0,0.0,0.0,0.0,0.0,0.0,0.0,0.0,0.0,0.0,0.0,0.0,0.0,0.0,0.0,0.0,0.0
A0A3Q7J2E6,0.0,0.0,0.0,0.0,0.0,0.0,0.0,0.0,0.0,0.0,0.0,0.0,0.0,0.0,0.0,0.04477,0.0,0.0,0.0,0.0,0.0,0.0,0.0,0.0,0.0,0.0,0.0
A0A3Q7J2G8,0.0,0.0,0.0,0.0,0.0,0.0,0.0,0.0,0.0,0.0,0.0,0.0,0.05862,0.0,0.0,0.10314,0.0,0.0,0.0,0.0,0.0,0.0,0.0,0.0,0.0,0.0,0.0
A0A3Q7J2T1,0.0,0.0,0.0,0.0,0.0,0.0,0.0,0.0,0.0,0.0,0.0,0.0,0.03513,0.0,0.0,0.02578,0.0,0.0,0.0,0.0,0.0,0.18057,0.09029,0.0,0.0,0.0,0.0
A0A3Q7J3B1,0.0,0.0,0.0,0.0,0.0,0.0,0.23978,0.0,0.0,0.0,0.0,0.0,0.0,0.0,0.0,0.0358,0.17176,0.0,0.0,0.0,0.0,0.0,0.0,0.0,0.0,0.0,0.0
A0A3Q7J3G4,0.29077,0.22624,0.22624,0.0,0.0,0.47397,0.27999,0.0,0.0,0.0,0.0,0.0,0.18171,0.31224,0.0,0.26602,0.17562,0.0,0.48171,0.48171,0.48171,0.15071,0.25401,0.35731,0.0,0.0,0.0
A0A3Q7J3I1,0.11371,0.31809,0.31809,0.0,0.0,0.0,0.0,0.0,0.0,0.83361,0.0,0.0,0.0,0.0,0.0,0.0,0.0,0.0,0.07725,0.07725,0.07725,0.07677,0.03839,0.0,0.0,0.0,0.0
A0A3Q7J3Q3,0.0,0.0,0.0,0.0,0.0,0.0,0.0,0.0,0.0,0.0,0.0,0.0,0.0,0.0,0.0,0.09888,0.0,0.0,0.0,0.0,0.0,0.0,0.0,0.0,0.0,0.0,0.0
A0A3Q7J3Q6,0.0,0.0,0.0,0.0,0.0,0.0,0.12396,0.0,0.0,0.0,0.0,0.0,0.052,0.0,0.0,0.11453,0.14304,0.0,0.0,0.0,0.0,0.0,0.0,0.0,0.0,0.0,0.0
A0A3Q7J3U5,0.0,0.0,0.0,0.0,0.0,0.0,0.0,0.0,0.0,0.0,0.0,0.0,0.01987,0.0,0.0,0.0,0.0,0.0,0.0,0.0,0.0,0.0,0.0,0.0,0.0,0.0,0.0
A0A3Q7J3W4,0.0,0.0,0.0,0.0,0.0,0.0,0.0,0.0,0.0,0.0,0.0,0.0,0.08533,0.0,0.0,0.0,0.0,0.0,0.0,0.0,0.0,0.0,0.0,0.0,0.0,0.0,0.0
A0A3Q7J3Y8,0.0,0.0,0.0,0.0,0.0,0.0,0.0,0.0,0.0,0.0,0.0,0.0,0.0,0.0,0.0,0.05985,0.0,0.0,0.0,0.0,0.0,0.0,0.0,0.0,0.0,0.0,0.0
A0A3Q7J408,0.21604,0.0,0.0,0.0,0.0,0.0,0.27999,0.0,0.0,0.0,0.0,0.0,0.08292,0.28979,0.0,0.17405,0.42968,0.0,0.0,0.0,0.0,0.36872,0.18436,0.0,0.0,0.0,0.0
A0A3Q7J492,0.0,0.0,0.0,0.0,0.0,0.0,0.41113,0.0,0.0,0.0,0.0,0.0,0.03895,0.0,0.0,0.11868,0.0,0.0,0.0,0.0,0.0,0.20142,0.10071,0.0,0.0,0.0,0.0
A0A3Q7J4F0,0.49382,0.23184,0.23184,0.0,5.32544,0.76493,0.0,1.75153,0.48255,0.0,0.0,0.0,0.0,0.27295,1.95697,0.0,0.0,0.0,0.49383,0.49383,0.49383,0.0,0.28833,0.57666,0.0,0.0,0.0
A0A3Q7J4T9,0.0,0.0,0.0,0.0,0.0,0.0,0.0,0.0,0.0,0.0,0.0,0.0,0.30359,0.0,0.0,0.0,0.0,0.0,0.0,0.0,0.0,0.0,0.0,0.0,0.0,0.0,0.0
A0A3Q7J4V1,0.0,0.0,0.0,0.0,0.0,0.0,0.0,0.0,0.0,0.0,0.0,0.0,0.05862,0.0,0.0,0.03361,0.0,0.0,0.0,0.0,0.0,0.0,0.0,0.0,0.0,0.0,0.0
A0A3Q7J501,0.0,0.0,0.0,0.0,0.0,0.0,0.0,0.0,0.0,0.0,0.0,0.0,0.0,0.0,0.0,0.08276,0.0,0.0,0.0,0.0,0.0,0.0,0.0,0.0,0.0,0.0,0.0
A0A3Q7J519,0.0,0.0,0.0,0.0,0.0,0.0,0.0,0.0,0.0,0.0,0.0,0.0,0.08653,0.0,0.0,0.0,0.0,0.0,0.0,0.0,0.0,0.0,0.0,0.0,0.0,0.0,0.0
A0A3Q7J566,0.6319,0.55106,0.55106,0.0,0.0,0.0,0.16751,0.0,0.0,0.0,0.0,0.0,0.09878,0.0,0.0,0.35247,0.0,0.0,0.74529,0.74529,0.74529,0.23318,0.11659,0.0,0.0,0.0,0.0
A0A3Q7J5K6,0.0,0.06832,0.06832,0.0,0.0,0.0,0.0,0.0,0.0,0.0,0.0,0.0,0.0,0.0,0.0,0.0,0.0,0.0,0.0,0.0,0.0,0.07535,0.03768,0.0,0.0,0.0,0.0
A0A3Q7J5N2,0.0,0.0,0.0,0.0,0.0,0.0,0.0,0.0,0.0,0.0,0.0,0.0,0.02911,0.0,0.0,0.0358,0.0,0.0,0.0,0.0,0.0,0.0,0.0,0.0,0.0,0.0,0.0
A0A3Q7J5Z9,0.0,0.0,0.0,0.0,0.0,0.0,0.0,0.0,0.0,0.0,0.0,0.0,0.0,0.0,0.0,0.06411,0.0,0.0,0.0,0.0,0.0,0.09194,0.04597,0.0,0.0,0.0,0.0
A0A3Q7J671,0.0,0.0,0.0,0.0,0.0,0.0,0.0,0.0,0.0,0.0,0.0,0.0,0.0,0.0,0.0,0.05387,0.0,0.0,0.0,0.0,0.0,0.0,0.0,0.0,0.0,0.0,0.0
A0A3Q7J8R5,0.0,0.52418,0.52418,0.0,0.0,0.0,0.0,0.0,0.0,0.0,0.0,0.0,0.15621,0.0,0.0,0.08955,0.0,0.0,0.0,0.0,0.0,0.0,0.0,0.0,0.0,0.0,0.0
A0A3Q7J9P7,0.0,0.0,0.0,0.0,0.0,0.0,0.0,0.0,0.0,0.0,0.0,0.0,0.07208,0.2519,0.0,0.06734,0.0,0.0,0.0,0.0,0.0,0.0,0.0,0.0,0.0,0.0,0.0
A0A3Q7J9R5,0.0,0.0,0.0,0.0,0.0,0.0,0.0,0.0,0.0,0.0,0.0,0.0,0.03172,0.0,0.0,0.0,0.0,0.0,0.0,0.0,0.0,0.0,0.0,0.0,0.0,0.0,0.0
A0A3Q7JA27,0.0,0.0,0.0,0.0,0.0,0.0,0.0,0.0,0.0,0.0,0.0,0.0,0.03734,0.0,0.0,0.02141,0.0,0.0,0.0,0.0,0.0,0.0,0.0,0.0,0.0,0.0,0.0
A0A3Q7JAB8,0.0,0.0,0.0,0.0,0.0,0.0,0.0,0.0,0.0,0.0,0.0,0.0,0.13412,0.0,0.0,0.0,0.0,0.0,0.0,0.0,0.0,0.0,0.0,0.0,0.0,0.0,0.0
A0A3Q7JAE3,0.0,0.0,0.0,0.0,0.0,0.0,0.0,0.0,0.0,0.0,0.0,0.0,0.07027,0.0,0.0,0.07482,0.0,0.0,0.0,0.0,0.0,0.10521,0.0526,0.0,0.0,0.0,0.0
A0A3Q7JAE6,0.0,0.0,0.0,0.0,0.0,0.0,0.0,0.0,0.0,0.0,0.0,0.0,0.08533,0.0,0.0,0.08069,0.0,0.0,0.0,0.0,0.0,0.0,0.0,0.0,0.0,0.0,0.0
A0A3Q7JAQ4,0.0,0.52418,0.52418,0.0,0.0,0.0,0.0,0.0,0.0,0.0,0.0,0.0,0.4341,0.0,0.0,0.0,0.0,0.0,0.0,0.0,0.0,1.22941,0.6147,0.0,0.0,0.0,0.0
A0A3Q7JAQ7,0.0,0.0,0.0,0.0,0.0,0.0,0.0,0.0,0.0,0.0,0.0,0.0,0.29535,0.35715,0.0,0.14688,0.0,0.0,0.0,0.0,0.0,1.02466,0.51233,0.0,0.0,0.0,0.0
A0A3Q7JAV3,0.0,0.1624,0.1624,0.0,0.0,0.0,0.0,0.0,0.0,0.0,0.0,0.0,0.0,0.0,0.0,0.05767,0.08008,0.0,0.21965,0.21965,0.21965,0.23744,0.11872,0.0,0.0,0.0,0.0
A0A3Q7JAZ2,0.0,0.0,0.0,0.0,0.0,0.0,0.0,0.0,0.0,0.0,0.0,0.0,0.052,0.0,0.0,0.0,0.0,0.0,0.0,0.0,0.0,0.0,0.0,0.0,0.0,0.0,0.0
A0A3Q7JB49,0.0,0.0,0.0,0.0,0.0,0.0,0.13975,0.0,0.0,0.0,0.0,0.0,0.0,0.0,0.0,0.0,0.0,0.0,0.0,0.0,0.0,0.0,0.0,0.0,0.0,0.0,0.0
A0A3Q7JBP6,0.0,0.0,0.0,0.0,0.0,0.0,0.11534,0.0,0.0,0.0,0.0,0.0,0.04838,0.0,0.0,0.04984,0.0,0.0,0.0,0.0,0.0,0.0,0.0,0.0,0.0,0.0,0.0
A0A3Q7JBV0,0.18193,0.0,0.0,0.0,0.0,0.0,0.0,0.0,0.0,0.0,0.0,0.0,0.06706,0.0,0.0,0.0,0.0856,0.0,0.0,0.0,0.0,0.11422,0.05711,0.0,0.0,0.0,0.0
A0A3Q7JCI1,0.0,0.0,0.0,0.0,0.0,0.0,0.20341,0.0,0.0,0.0,0.0,0.0,0.03895,0.0,0.0,0.03499,0.0,0.0,0.0,0.0,0.0,0.0,0.0,0.0,0.0,0.0,0.0
A0A3Q7JCM5,0.0,0.0,0.0,0.0,0.0,0.0,0.20341,0.0,0.0,0.0,0.0,0.0,0.0,0.0,0.0,0.0,0.0,0.0,0.0,0.0,0.0,0.0,0.0,0.0,0.0,0.0,0.0
A0A3Q7JCM7,0.0,0.0,0.0,0.0,0.0,0.0,0.0,0.0,0.0,0.0,0.0,0.0,0.0,0.0,0.0,0.16392,0.0,0.0,0.0,0.0,0.0,0.0,0.0,0.0,0.0,0.0,0.0
A0A3Q7JCN9,0.0,0.0,0.0,0.0,0.0,0.0,0.05264,0.0,0.0,0.0,0.0,0.0,0.0,0.0,0.0,0.12443,0.0,0.0,0.0,0.0,0.0,0.0,0.0,0.0,0.0,0.0,0.0
A0A3Q7JD72,0.0,0.0,0.0,0.0,0.0,0.0,0.0,0.0,0.0,0.0,0.0,0.0,0.0,0.0,0.0,0.08955,0.0,0.0,0.0,0.0,0.0,0.0,0.0,0.0,0.0,0.0,0.0
A0A3Q7JD73,1.41975,0.0,0.0,0.0,0.0,0.75554,0.0,0.0,0.0,0.0,0.0,0.0,0.08372,0.0,0.0,0.07252,0.0,0.0,0.48777,0.48777,0.48777,0.0,0.0,0.0,0.0,0.0,0.0
A0A3Q7JD76,0.0,0.0,0.0,0.0,0.0,0.0,0.0,0.0,0.0,0.0,0.0,0.0,0.0,0.0,0.0,0.02877,0.0,0.0,0.0,0.0,0.0,0.0,0.0,0.0,0.0,0.0,0.0
A0A3Q7JDE8,0.0,0.0,0.0,0.0,0.0,0.0,0.0,0.0,0.0,0.0,0.0,0.0,0.15621,0.0,0.0,0.13284,1.19405,0.0,0.0,0.0,0.0,0.2218,0.799,1.37621,0.0,0.0,0.0
A0A3Q7JDF2,0.0,0.0,0.0,0.0,0.0,0.0,0.0,0.0,0.0,0.0,0.0,0.0,0.0267,0.0,0.0,0.0,0.0,0.0,0.0,0.0,0.0,0.0,0.0,0.0,0.0,0.0,0.0
A0A3Q7JDG0,0.0,0.0,0.0,0.0,0.0,0.0,0.0,0.0,0.0,0.0,0.0,0.0,0.03112,0.0,0.0,0.03844,0.0,0.0,0.0,0.0,0.0,0.0,0.0,0.0,0.0,0.0,0.0
A0A3Q7JDH2,0.0,0.0,0.0,0.0,0.0,0.0,0.0,0.0,0.0,0.0,0.0,0.0,0.03011,0.0,0.0,0.01726,0.0,0.0,0.0,0.0,0.0,0.0,0.0,0.0,0.0,0.0,0.0
A0A3Q7JDH7,0.0,0.0,0.0,0.0,0.0,0.0,0.0,0.0,0.0,0.0,0.0,0.0,0.04678,0.36487,0.0,0.0,0.12868,0.0,0.0,0.0,0.0,0.0,0.0,0.0,0.0,0.0,0.0
A0A3Q7JDI3,0.0,0.0,0.0,0.0,0.0,0.0,0.0,0.0,0.0,0.0,0.0,0.0,0.0781,0.0,0.0,0.0,0.0,0.0,0.0,0.0,0.0,0.0,0.0,0.0,0.0,0.0,0.0
A0A3Q7JDJ8,0.0,0.0,0.0,0.0,0.0,0.0,0.0,0.0,0.0,0.0,0.0,0.0,0.0,0.0,0.0,0.07689,0.0,0.0,0.0,0.0,0.0,0.0,0.0,0.0,0.0,0.0,0.0
A0A3Q7JDK3,0.0,0.0,0.0,0.0,0.0,0.0,0.26658,0.0,0.0,0.0,0.0,0.0,0.0,0.0,0.0,0.4037,0.38715,0.0,0.0,0.0,0.0,0.0,0.0,0.0,0.0,0.0,0.0
A0A3Q7JDN9,0.0,0.0,0.0,0.0,0.0,0.0,0.0,0.0,0.0,0.0,0.0,0.0,0.04557,0.0,0.0,0.0,0.0,0.0,0.0,0.0,0.0,0.07867,0.03934,0.0,0.0,0.0,0.0
A0A3Q7JDP0,0.0,0.0,0.0,0.0,0.0,0.0,0.0,0.0,0.0,0.0,0.0,0.0,0.03594,0.0,0.0,0.0,0.0,0.0,0.0,0.0,0.0,0.08483,0.04242,0.0,0.0,0.0,0.0
A0A3Q7JDV8,0.0,0.0,0.0,0.0,0.0,0.0,0.0,0.0,0.0,0.0,0.0,0.0,0.02068,0.0,0.0,0.0,0.0,0.0,0.0,0.0,0.0,0.0,0.0,0.0,0.0,0.0,0.0
A0A3Q7JE01,0.0,0.0,0.0,0.0,0.0,0.0,0.0,0.0,0.0,0.0,0.0,0.0,0.0781,0.0,0.0,0.06342,0.0,0.0,0.0,0.0,0.0,0.0,0.0,0.0,0.0,0.0,0.0
A0A3Q7JEH3,0.87719,0.0,0.0,0.0,0.0,0.74616,0.21298,0.0,0.0,0.0,0.0,0.0,0.11746,0.31224,0.0,0.0,0.17562,0.0,0.0,0.0,0.0,0.0,0.28125,0.56251,0.0,0.0,0.0
A0A3Q7JEN8,0.0,0.0,0.0,0.0,0.0,0.0,0.0,0.0,0.0,0.0,0.0,0.0,0.08372,0.0,0.0,0.0861,0.0,0.0,0.22722,0.22722,0.22722,0.0,0.13267,0.26533,0.0,0.0,0.0
A0A3Q7JFP9,0.0,0.0,0.0,0.0,0.0,0.0,0.0,0.0,0.0,0.0,0.0,0.0,0.14436,0.0,0.0,0.18199,0.0,0.0,0.0,0.0,0.0,0.0,0.0,0.0,0.0,0.0,0.0
A0A3Q7JGF7,0.0,0.0,0.0,0.0,0.0,0.0,0.0,0.0,0.0,0.0,0.0,0.0,0.04377,0.0,0.0,0.0,0.0,0.0,0.0,0.0,0.0,0.18436,0.09218,0.0,0.0,0.0,0.0
A0A3Q7JGR5,0.0,0.0,0.0,0.0,0.0,0.0,0.0335,0.0,0.0,0.0,0.0,0.0,0.0,0.0,0.0,0.01231,0.0,0.0,0.0,0.0,0.0,0.0,0.0,0.0,0.0,0.0,0.0
A0A3Q7JJ90,0.0,0.0,0.0,0.0,0.0,0.0,0.0,0.0,0.0,0.0,0.0,0.0,0.0,0.0,0.0,0.0,0.0,0.0,0.0,0.0,0.0,0.11042,0.05521,0.0,0.0,0.0,0.0
A0A3Q7JJW7,0.0,0.0,0.0,0.0,0.0,0.0,0.0,0.0,0.0,0.0,0.0,0.0,0.052,0.0,0.0,0.0,0.0,0.0,0.0,0.0,0.0,0.0,0.0,0.0,0.0,0.0,0.0
A0A3Q7JK86,0.0,0.0,0.0,0.0,0.0,0.0,0.27999,0.0,0.0,0.0,0.0,0.0,0.08292,0.0,0.0,0.08955,0.0,0.0,0.0,0.0,0.0,0.0,0.0,0.0,0.0,0.0,0.0
A0A3Q7JKM5,0.0,0.0,0.0,0.0,0.0,0.0,0.0,0.0,0.0,0.0,0.0,0.0,0.04457,0.0,0.0,0.0,0.0,0.0,0.0,0.0,0.0,0.0,0.0,0.0,0.0,0.0,0.0
A0A3Q7JLN4,0.71799,0.30689,0.30689,0.0,0.0,1.02773,0.20963,5.08061,1.33554,1.17738,0.0,6.20471,0.12529,0.30733,0.0,0.12305,0.34463,0.0,0.66349,0.66349,0.66349,0.20758,0.49118,0.77478,0.0,0.0,0.0
A0A3Q7JMX3,0.2599,0.0,0.0,0.0,0.0,0.57487,1.51242,0.0,0.0,0.0,0.0,0.0,0.63448,0.51222,0.0,1.03602,0.30431,0.0,1.74811,1.74811,1.74811,0.66541,0.54939,0.43338,0.0,0.0,0.0
A0A3Q7JP71,0.0,0.0,0.0,0.0,0.0,0.0,1.03476,0.0,0.0,0.0,0.0,0.0,0.2317,1.51702,0.0,0.13284,1.19405,0.0,0.0,0.0,0.0,0.0,0.0,0.0,0.0,0.0,0.0
A0A3Q7JPE6,0.0,0.0,0.0,0.0,0.0,0.0,0.25845,0.0,0.0,0.0,0.0,0.0,0.0,0.0,0.0,0.03844,0.0,0.0,0.0,0.0,0.0,0.0,0.0,0.0,0.0,0.0,0.0
A0A3Q7JQE3,0.58317,0.0,0.0,0.0,0.0,0.0,0.72366,4.16425,0.0,0.0,0.0,0.0,0.30359,0.41048,0.0,0.41924,1.06537,0.0,0.54382,0.54382,0.54382,0.54693,0.27347,0.0,0.0,0.0,0.0
A0A3Q7JRP8,0.0,0.0,0.0,0.0,0.0,0.0,0.0,0.0,0.0,0.0,0.0,0.0,0.0,0.0,0.0,0.0244,0.0,0.0,0.0,0.0,0.0,0.0,0.0,0.0,0.0,0.0,0.0
A0A3Q7JRU9,0.0,0.0,0.0,0.0,0.0,0.0,0.0,0.0,0.0,0.0,0.0,0.0,0.0,0.0,0.0,0.13284,0.0,0.0,0.0,0.0,0.0,0.0,0.0,0.0,0.0,0.0,0.0
A0A3Q7JSV3,0.0,0.0,0.0,0.0,0.0,0.0,0.0,0.0,0.0,0.0,0.0,0.0,0.0,0.0,0.0,0.02682,0.0,0.0,0.0,0.0,0.0,0.07109,0.03555,0.0,0.0,0.0,0.0
A0A3Q7JW47,0.0,0.0,0.0,0.0,0.0,0.0,0.0,0.0,0.0,0.0,0.0,0.0,0.01666,0.0,0.0,0.0,0.0,0.0,0.0,0.0,0.0,0.06682,0.03341,0.0,0.0,0.0,0.0
A0A3Q7JYM3,0.0,0.0,0.0,0.0,0.0,0.0,0.0,0.0,0.0,0.0,0.0,0.0,0.0,0.0,0.0,0.11868,0.0,0.0,0.0,0.0,0.0,0.0,0.0,0.0,0.0,0.0,0.0
A0A3Q7JYS4,0.0,0.0,0.0,0.0,0.0,0.0,0.0,0.0,0.0,0.0,0.0,0.0,0.0,0.0,0.0,0.0,0.34463,0.0,0.0,0.0,0.0,0.0,0.0,0.0,0.0,0.0,0.0
A0A3Q7JYT4,0.0,0.0,0.0,0.0,0.0,0.0,0.0,0.0,0.0,0.0,0.0,0.0,0.1044,0.0,0.0,0.0,0.0,0.0,0.0,0.0,0.0,0.0,0.0,0.0,0.0,0.0,0.0
A0A494G8F6,0.0,0.0,0.0,0.0,0.0,0.0,0.0,0.0,0.0,0.0,0.0,0.0,0.0,0.0,0.0,0.0785,0.0,0.0,0.0,0.0,0.0,0.0,0.0,0.0,0.0,0.0,0.0
A0A494G8J8,0.0,0.0,0.0,0.0,0.0,0.0,0.0,0.0,0.0,0.0,0.0,0.0,0.0,0.0,0.0,0.06734,0.0,0.0,0.0,0.0,0.0,0.0,0.0,0.0,0.0,0.0,0.0
A0A494G8T9,0.0,0.0,0.0,0.0,0.0,0.0,0.0,0.0,0.0,0.0,0.0,0.0,0.0,0.0,0.0,0.02233,0.0,0.0,0.0,0.0,0.0,0.0,0.0,0.0,0.0,0.0,0.0
A0A494G8W2,3.51202,1.07188,1.07188,0.0,0.0,2.24553,0.45803,0.0,3.79216,38.67308,0.0,0.0,0.32326,0.23435,0.0,0.41924,0.42968,0.0,1.74811,1.74811,1.74811,0.88769,0.85776,0.82784,0.0,0.0,0.0
A0A494G9E6,0.0,0.0,0.0,0.0,0.0,0.0,0.0,0.0,0.0,0.0,0.0,0.0,0.0,0.0,0.0,0.02981,0.0,0.0,0.0,0.0,0.0,0.0,0.0,0.0,0.0,0.0,0.0
A0A494GA45,0.0,0.0,0.0,0.0,0.0,0.0,0.90649,0.0,0.0,0.0,0.0,0.0,0.0,0.0,0.0,0.0,0.0,0.0,0.0,0.0,0.0,0.0,0.0,0.0,0.0,0.0,0.0
A0RZC9,0.0,0.0,0.0,0.0,0.0,0.0,0.0,0.0,0.0,0.0,0.0,0.0,0.06706,0.0,0.0,0.0,0.0,0.0,0.0,0.0,0.0,0.0,0.2954,0.59081,0.0,0.0,0.0
A0RZD0,0.0,0.0,0.0,0.0,0.0,0.0,0.0,0.0,0.0,0.0,0.0,0.0,0.1281,0.0,0.0,0.0,0.0,0.0,0.0,0.0,0.0,0.0,0.0,0.0,0.0,0.0,0.0
A4ZYQ6,0.0,0.0,0.0,0.0,0.0,0.0,0.0,0.0,0.0,0.0,0.0,0.0,0.052,0.0,0.0,0.0,0.0,0.0,0.0,0.0,0.0,0.19573,0.09786,0.0,0.0,0.0,0.0
A7X331,0.0,0.0,0.0,0.0,0.0,0.0,0.0,0.0,0.0,0.0,0.0,0.0,0.0,0.0,0.0,0.04132,0.0,0.0,0.0,0.0,0.0,0.0,0.0,0.0,0.0,0.0,0.0
B1N678,0.0,4.0792,4.0792,0.0,0.0,0.0,0.0,0.0,0.0,4.95874,0.0,0.0,0.4341,1.51702,14.95593,0.0,0.0,0.0,0.0,0.0,0.0,0.0,0.0,0.0,0.0,0.0,0.0
B1Q3F0,0.0,0.0,0.0,0.0,0.0,0.0,0.0,0.0,0.0,0.0,0.0,0.0,0.0,0.0,0.0,0.02981,0.0,0.0,0.0,0.0,0.0,0.0,0.0,0.0,0.0,0.0,0.0
B1Q3F8,0.0,0.0,0.0,0.0,0.0,0.0,0.0,0.0,0.0,0.0,0.0,0.0,0.0,0.0,0.0,0.01784,0.0,0.0,0.0,0.0,0.0,0.0,0.0,0.0,0.0,0.0,0.0
B5M9E5,0.0,0.0,0.0,0.0,0.0,0.0,0.0,0.0,0.0,0.0,0.0,0.0,0.0,0.0,0.0,0.04028,0.0,0.0,0.0,0.0,0.0,0.0,0.0,0.0,0.0,0.0,0.0
C0LIR3,0.0,0.0,0.0,0.0,0.0,0.0,0.0,0.0,0.0,0.0,0.0,0.0,0.0,0.0,0.0,0.04132,0.0,0.0,0.0,0.0,0.0,0.0,0.0,0.0,0.0,0.0,0.0
C0LIR4,0.0,0.0,0.0,0.0,0.0,0.0,0.0,0.0,0.0,0.0,0.0,0.0,0.06385,0.0,0.0,0.0,0.0,0.0,0.0,0.0,0.0,0.0,0.0,0.0,0.0,0.0,0.0
C6K2K9,0.0,0.23744,0.23744,0.0,0.0,0.0,0.10146,0.0,0.0,0.0,0.0,0.0,0.06706,0.0,0.0,0.03844,0.0,0.0,0.0,0.0,0.0,0.0,0.0,0.0,0.0,0.0,0.0
C6K2L0,0.0,0.0,0.0,0.0,0.0,0.0,0.0,0.0,0.0,0.0,0.0,0.0,0.06706,0.0,0.0,0.0244,0.0,0.0,0.0,0.0,0.0,0.10047,0.05024,0.0,0.0,0.0,0.0
D0VNY3,0.0,0.0,0.0,0.0,0.0,0.0,0.0,0.0,0.0,0.0,0.0,0.0,0.0,0.0,0.0,0.02509,0.0,0.0,0.0,0.0,0.0,0.0,0.0,0.0,0.0,0.0,0.0
D2KQI9,0.0,0.0,0.0,0.0,0.0,0.0,0.0,0.0,0.0,0.0,0.0,0.0,0.11063,0.0,0.0,0.0282,0.0,0.0,0.0,0.0,0.0,0.0,0.0,0.0,0.0,0.0,0.0
D2Y3F4,0.0,0.0,0.0,0.0,0.0,0.0,0.11726,0.0,0.0,0.0,0.0,0.0,0.02329,0.0,0.0,0.22953,0.0,0.0,0.0,0.0,0.0,0.18436,0.09218,0.0,0.0,0.0,0.0
E3UVW7,0.0,0.0,0.0,0.0,0.0,0.0,0.0,0.0,0.0,0.0,0.0,0.0,0.06866,0.0,0.0,0.09209,0.0,0.0,0.0,0.0,0.0,0.10237,0.05119,0.0,0.0,0.0,0.0
G1DEX3,0.0,0.94979,0.94979,0.0,0.0,0.0,0.0,0.0,0.0,0.0,0.0,0.0,0.17026,0.0,0.0,0.0,0.0,0.0,0.0,0.0,0.0,0.0,0.0,0.0,0.0,0.0,0.0
G3K2M4,0.0,0.0,0.0,0.0,0.0,0.0,0.13114,0.0,0.0,0.0,0.0,0.0,0.05501,0.0,0.0,0.07183,0.0,0.0,0.0,0.0,0.0,0.12986,0.06493,0.0,0.0,0.0,0.0
G8XSL1,0.0,0.0,0.0,0.0,0.0,0.0,0.0,0.0,0.0,0.0,0.0,0.0,0.0,0.0,0.0,0.07021,0.0,0.0,0.0,0.0,0.0,0.0,0.0,0.0,0.0,0.0,0.0
G8Z278,0.0,0.0,0.0,0.0,0.0,0.0,0.0,0.0,0.0,0.0,0.0,0.0,0.04678,0.0,0.0,0.0,0.0,0.0,0.0,0.0,0.0,0.0,0.0,0.0,0.0,0.0,0.0
G8Z288,0.0,0.0,0.0,0.0,0.0,0.0,0.0,0.0,0.0,0.0,0.0,0.0,0.1281,0.0,0.0,0.0,0.0,0.0,0.0,0.0,0.0,0.0,0.0,0.0,0.0,0.0,0.0
H6WYS2,0.0,0.0,0.0,0.0,0.0,0.0,0.0,0.0,0.0,0.0,0.0,0.0,0.0,0.0,0.0,0.0,0.0,0.0,0.0,0.0,0.0,0.05639,0.0282,0.0,0.0,0.0,0.0
K4ATQ2,0.0,0.0,0.0,0.0,0.0,0.0,0.0,0.0,0.0,0.0,0.0,0.0,0.0,0.0,0.0,0.08069,0.0,0.0,0.0,0.0,0.0,0.0,0.0,0.0,0.0,0.0,0.0
K4B3K5,0.0,0.0,0.0,0.0,0.0,0.0,0.0,0.0,0.0,0.0,0.0,0.0,0.0,0.0,0.0,0.0,0.63734,0.0,0.0,0.0,0.0,0.0,0.0,0.0,0.0,0.0,0.0
K4B3Y8,0.0,0.0,0.0,0.0,0.0,0.0,0.0,0.0,0.0,0.0,0.0,0.0,0.0,0.0,0.0,0.0,0.0,0.0,0.0,0.0,0.0,0.11611,0.05806,0.0,0.0,0.0,0.0
K4BAE6,0.0,0.0,0.0,0.0,0.0,0.0,0.0,0.0,0.0,0.0,0.0,0.0,0.05401,0.0,0.0,0.01979,0.0,0.0,0.0,0.0,0.0,0.12749,0.06374,0.0,0.0,0.0,0.0
K4BB06,0.0,0.0,0.0,0.0,0.0,0.0,0.0,0.0,0.0,0.0,0.0,0.0,0.0,0.0,0.0,0.08069,0.0,0.0,0.0,0.0,0.0,0.0,0.0,0.0,0.0,0.0,0.0
K4BDP2,0.0,0.27441,0.27441,0.0,0.0,0.0,0.0,0.0,0.0,0.0,0.0,0.0,0.0781,0.0,0.0,0.08403,0.13531,0.0,0.0,0.0,0.0,0.0,0.0,0.0,0.0,0.0,0.0
K4BNY4,0.0,0.0,0.0,0.0,0.0,0.0,0.15985,0.0,1.62799,0.0,0.0,0.0,0.06706,0.0,0.0,0.06216,0.0,0.0,0.0,0.0,0.0,0.15829,0.07914,0.0,0.0,0.0,0.0
K4BXV0,0.0,0.0,0.0,0.0,0.0,0.0,0.0,0.0,0.0,0.0,0.0,0.0,0.0,0.0,0.0,0.01669,0.0,0.0,0.0,0.0,0.0,0.0,0.0,0.0,0.0,0.0,0.0
K4CB47,0.0,0.0,0.0,0.0,0.0,0.0,0.0,0.0,0.0,0.0,0.0,0.0,0.04678,0.0,0.0,0.02682,0.0,0.0,0.0,0.0,0.0,0.0,0.0,0.0,0.0,0.0,0.0
K4CF70,0.0,0.0,0.0,0.0,0.0,0.0,0.0,0.0,0.0,0.0,0.0,0.0,0.0,0.0,0.0,0.02555,0.0,0.0,0.0,0.0,0.0,0.0,0.0,0.0,0.0,0.0,0.0
K4CLT6,0.0,0.0,0.0,0.0,0.0,0.0,0.09668,0.0,0.98459,0.0,0.0,0.0,0.06385,0.0,0.0,0.0366,0.0,0.0,0.0,0.0,0.0,0.0,0.0,0.0,0.0,0.0,0.0
K4CUW3,0.0,0.0,0.0,0.0,0.0,0.0,0.0,0.0,0.0,0.0,0.0,0.0,0.30359,0.0,0.0,0.0,0.0,0.0,0.0,0.0,0.0,0.0,0.0,0.0,0.0,0.0,0.0
K4CWY6,0.44509,0.0,0.0,0.0,0.0,0.64292,0.63943,0.0,0.0,0.0,0.0,0.0,0.05501,0.19225,0.0,0.03154,0.0,0.0,0.41506,0.41506,0.41506,0.29574,0.14787,0.0,0.0,0.0,0.0
K4CYU9,0.0,0.0,0.0,0.0,0.0,0.0,0.0,0.0,0.0,0.0,0.0,0.0,0.4341,0.41048,0.0,0.61125,0.0,0.0,0.0,0.0,0.0,0.0,0.0,0.0,0.0,0.0,0.0
K4D2A4,0.0,1.80327,1.80327,0.0,0.0,0.0,0.0,0.0,0.0,0.0,0.0,0.0,0.2317,0.32838,0.0,0.24887,0.0,0.0,0.70894,0.70894,0.70894,0.2218,0.52482,0.82784,0.0,0.0,0.0
K4D422,0.0,0.0,0.0,0.0,0.0,0.0,0.12396,0.0,0.0,0.0,0.0,0.0,0.15621,0.0,0.0,0.14262,0.0,0.0,0.0,0.0,0.0,0.0,0.0,0.0,0.0,0.0,0.0
O04359,0.0,0.0,0.0,0.0,0.0,0.0,0.37236,0.0,0.0,0.0,0.0,0.0,0.0,0.0,0.0,0.24887,0.42968,0.0,0.0,0.0,0.0,0.0,0.0,0.0,0.0,0.0,0.0
O24030,0.0,0.0,0.0,0.0,0.0,0.0,0.23978,0.0,0.0,0.0,0.0,0.0,0.0,0.0,0.0,0.11143,0.0,0.0,0.0,0.0,0.0,0.0,0.0,0.0,0.0,0.0,0.0
O48645,0.0,0.0,0.0,0.0,0.0,0.0,0.0,0.0,0.0,0.0,0.0,0.0,0.0,0.0,0.0,0.02141,0.0,0.0,0.0,0.0,0.0,0.0,0.0,0.0,0.0,0.0,0.0
O49877,0.0,0.0,0.0,0.0,0.0,0.0,0.0,0.0,0.0,0.0,0.0,0.0,0.0,0.0,0.0,0.0244,0.0,0.0,0.0,0.0,0.0,0.10047,0.05024,0.0,0.0,0.0,0.0
O65917,0.0,0.0,0.0,0.0,0.0,0.0,0.0,0.0,0.0,0.0,0.0,0.0,0.0,0.0,0.0,0.03706,0.0,0.0,0.0,0.0,0.0,0.0,0.0,0.0,0.0,0.0,0.0
O80432,0.0,0.0,0.0,0.0,0.0,0.0,0.17182,0.0,0.0,0.0,0.0,0.0,0.0,0.0,0.0,0.0,0.0,0.0,0.0,0.0,0.0,0.0,0.0,0.0,0.0,0.0,0.0
O81536,0.0,0.0,0.0,0.0,0.0,0.0,0.16751,0.0,0.0,0.0,0.0,0.0,0.04457,0.0,0.0,0.0,0.0,0.0,0.0,0.0,0.0,0.10521,0.0526,0.0,0.0,0.0,0.0
O82777,0.0,0.0,0.0,0.0,0.0,0.0,0.0,0.0,0.0,0.0,0.0,0.0,0.03794,0.0,0.0,0.0,0.0,0.0,0.0,0.0,0.0,0.23507,0.11754,0.0,0.0,0.0,0.0
P05116,0.0,0.0,0.0,0.0,0.0,0.0,0.26371,0.0,0.0,0.0,0.0,0.0,0.0,0.0,0.0,0.06342,0.0,0.0,0.0,0.0,0.0,0.0,0.0,0.0,0.0,0.0,0.0
P05117,0.0,0.0,0.0,0.0,0.0,1.15444,1.11278,2.5751,2.39812,0.0,0.0,0.0,0.40318,0.45608,4.53602,0.45608,0.67821,0.0,0.0,0.0,0.0,0.30806,0.72893,1.14979,0.0,3.61498,3.61498
P05349,0.0,1.59494,1.59494,0.0,0.0,0.0,0.20341,0.0,0.0,0.0,0.0,0.0,0.0,0.0,0.0,0.16392,0.0,0.0,0.0,0.0,0.0,0.0,0.0,0.0,0.0,0.0,0.0
P07370,0.0,0.97892,0.97892,0.0,0.0,0.0,0.0,0.0,0.0,0.0,0.0,11.77536,0.0,0.0,0.0,0.0,0.0,0.0,0.0,0.0,0.0,0.0,0.0,0.0,0.0,0.0,0.0
P08196,0.0,0.0,0.0,0.0,0.0,0.0,0.0,0.0,0.0,0.0,0.0,0.0,0.04055,0.0,0.0,0.08495,0.0,0.0,0.0,0.0,0.0,0.0,0.0,0.0,0.0,0.0,0.0
P08706,0.0,0.0,0.0,0.0,0.0,0.0,0.0,0.0,0.0,0.0,0.0,0.0,0.0,0.0,0.0,0.0,0.0,0.0,0.0,0.0,0.0,0.0,0.37589,0.75178,0.0,0.0,0.0
P12372,0.32813,0.0,0.0,0.0,0.0,0.0,0.0,0.0,0.0,0.0,0.0,0.0,0.0,0.0,0.0,0.0,0.0,0.0,0.0,0.0,0.0,0.0,0.0,0.0,0.0,0.0,0.0
P17786,4.84243,0.54546,0.54546,0.0,0.0,0.87756,0.66766,0.0,2.37375,0.0,11.86206,0.0,0.12248,0.18875,0.0,0.44825,0.57604,2.5733,1.12551,1.12551,1.12551,0.66115,0.56849,0.47583,0.0,5.07404,5.07404
P21568,0.76023,0.0,0.0,0.0,0.0,0.99723,0.49345,0.0,0.0,0.0,0.0,0.0,1.20813,0.72342,0.0,0.35973,0.23472,0.0,0.0,0.0,0.0,0.89765,1.06882,1.24,0.0,0.0,0.0
P23322,1.6163,0.72803,0.72803,0.0,0.0,0.82124,0.16751,0.0,0.0,1.36644,0.0,5.02717,0.34555,0.86165,0.0,0.11684,0.1226,0.0,0.74529,0.74529,0.74529,0.39005,0.19503,0.0,0.0,0.0,0.0
P24157,0.0,0.0,0.0,0.0,0.0,0.0,0.0,0.0,0.0,0.0,0.0,0.0,0.0,0.0,0.0,0.0,0.0,0.0,0.0,0.0,0.0,0.12986,0.06493,0.0,0.0,0.0,0.0
P25469,0.0,0.0,0.0,0.0,0.0,0.0,0.0,0.0,0.0,0.0,0.0,0.0,0.2317,0.0,0.0,0.0,0.0,0.0,0.0,0.0,0.0,0.54693,0.27347,0.0,0.0,0.0,0.0
P26300,0.36062,0.52418,0.52418,0.0,13.93222,0.84236,0.81938,0.0,1.26242,0.0,0.0,0.0,0.34374,0.32838,2.15137,0.34315,0.0,0.0,0.88617,0.88617,0.88617,1.14457,0.80136,0.45814,0.0,0.0,0.0
P27065,0.79109,0.45585,0.45585,0.0,0.0,0.0,0.55232,0.0,0.9066,0.0,0.0,0.0,0.2317,0.20488,2.41057,0.179,0.16126,0.0,0.80588,0.80588,0.80588,0.38721,0.45186,0.51652,0.0,0.0,0.0
P29000,0.0,0.0,0.0,0.0,0.0,0.0,1.42675,0.0,7.36985,0.0,0.0,0.0,0.45538,0.0,0.0,2.10738,0.83506,0.0,0.0,0.0,0.0,2.32612,1.16306,0.0,0.0,0.0,0.0
P30221,0.0,0.0,0.0,0.0,0.0,0.0,0.0,0.0,0.0,0.0,0.0,0.0,0.0,0.0,0.0,0.24887,0.54953,0.0,0.0,0.0,0.0,0.0,0.0,0.0,0.0,0.0,0.0
P30264,0.0,0.0,0.0,0.0,0.0,0.0,0.4183,0.0,0.0,0.0,0.0,0.0,0.0,0.0,0.0,0.0,0.0,0.0,0.0,0.0,0.0,0.47821,0.23911,0.0,0.0,0.0,0.0
P31542,0.0,0.0,0.0,0.0,0.0,0.0,0.0,0.0,0.0,0.0,0.0,0.0,0.02489,0.0,0.0,0.0,0.0,0.0,0.0,0.0,0.0,0.12512,0.06256,0.0,0.0,0.0,0.0
P32045,0.0,0.0,0.0,0.0,0.0,0.0,0.0,0.0,0.0,0.0,0.0,0.0,0.13412,0.0,0.0,0.0,0.36893,0.0,0.0,0.0,0.0,0.0,0.0,0.0,0.0,0.0,0.0
P36181,0.0,0.0,0.0,0.0,0.0,0.0,0.0,0.0,0.0,0.0,0.0,0.0,0.0,0.0,0.0,0.0,0.0,0.0,0.0,0.0,0.0,0.05118,0.02559,0.0,0.0,0.0,0.0
P38415,0.0,0.0,0.0,0.0,0.0,0.0,0.0,0.0,0.0,0.0,0.0,0.0,0.03814,0.06385,0.0,0.0,0.0,0.0,0.0,0.0,0.0,0.02085,0.09091,0.16097,0.0,0.0,0.0
P38416,0.0,0.0,0.0,0.0,0.0,0.0,0.0,0.0,0.0,0.0,0.0,0.0,0.22588,0.0,0.0,0.25658,0.0,0.0,0.0,0.0,0.0,0.66778,0.33389,0.0,0.0,0.0,0.0
P38546,0.0,0.97892,0.97892,0.0,0.0,0.0,0.24888,0.0,0.0,0.0,0.0,0.0,0.50417,0.0,0.0,0.21273,0.28719,0.0,1.32396,1.32396,1.32396,0.41422,0.66702,0.91983,0.0,0.0,0.0
P43280,0.0,0.77059,0.77059,0.0,0.0,0.0,0.0,0.0,0.0,0.0,0.0,0.0,0.13814,0.0,0.0,0.24887,0.0,0.0,1.98442,1.98442,1.98442,0.74172,0.37086,0.0,0.0,0.0,0.0
P43282,0.87719,0.52418,0.52418,0.0,0.0,0.0,0.0,0.0,0.0,0.0,0.0,0.0,0.0,0.0,0.0,0.0,0.0,0.0,1.17853,1.17853,1.17853,0.0,0.0,0.0,0.0,0.0,0.0
P49118,0.0,0.0,0.0,0.0,0.0,0.0,0.0,0.0,0.0,0.0,0.0,0.0,0.0,0.0,0.0,0.06526,0.0,0.0,0.0,0.0,0.0,0.40522,0.20261,0.0,0.0,0.0,0.0
P54153,0.0,0.0,0.0,0.0,0.0,1.64484,1.175,0.0,0.0,0.0,0.0,0.0,0.38029,0.49187,0.0,0.4517,1.04604,10.48773,0.0,0.0,0.0,0.33223,0.16612,0.0,0.0,0.0,0.0
P54928,0.0,0.0,0.0,0.0,0.0,0.0,0.18618,0.0,0.0,0.0,0.0,0.0,0.0,0.0,0.0,0.10717,0.0,0.0,0.0,0.0,0.0,0.0,0.0,0.0,0.0,0.0,0.0
P93211,0.0,0.0,0.0,0.0,0.0,0.0,0.20963,0.0,0.0,0.0,0.0,0.0,0.0,0.0,0.0,0.15379,0.0,0.0,0.41506,0.41506,0.41506,0.0,0.0,0.0,0.0,0.0,0.0
P93212,0.0,0.0,0.0,0.0,0.0,0.0,0.0,0.0,0.0,0.0,0.0,0.0,0.0,0.0,0.0,0.07689,0.0,0.0,0.0,0.0,0.0,0.0,0.0,0.0,0.0,0.0,0.0
P93213,0.0,0.0,0.0,0.0,0.0,0.0,0.0,0.0,0.0,0.0,0.0,0.0,0.0,0.0,0.0,0.03154,0.0,0.0,0.0,0.0,0.0,0.0,0.0,0.0,0.0,0.0,0.0
P93214,0.0,0.0,0.0,0.0,0.0,0.0,0.0,0.0,0.0,0.0,0.0,0.0,0.05501,0.0,0.0,0.15379,0.34463,0.0,0.19541,0.19541,0.19541,0.0,0.0,0.0,0.0,0.0,0.0
P93224,0.0,0.74819,0.74819,0.0,0.0,0.0,0.0,0.0,0.0,0.0,0.0,0.0,0.0,0.0,0.0,0.0,0.0,0.0,0.0,0.0,0.0,0.0,0.0,0.0,0.0,0.0,0.0
P93841,0.0,0.0,0.0,0.0,0.0,0.0,0.0,0.0,0.0,0.0,0.0,0.0,0.0,0.0,0.0,0.04247,0.0,0.0,0.0,0.0,0.0,0.0,0.0,0.0,0.0,0.0,0.0
Q05538,0.0,0.0,0.0,0.0,0.0,0.0,0.49345,0.0,0.0,0.0,0.0,0.0,0.0,0.0,0.0,0.0,0.0,0.0,0.0,0.0,0.0,0.33223,0.16612,0.0,0.0,0.0,0.0
Q08304,0.0,0.0,0.0,0.0,0.0,0.0,0.0,0.0,0.0,0.0,0.0,0.0,0.03212,0.0,0.0,0.0,0.0,0.0,0.0,0.0,0.0,0.0,0.0,0.0,0.0,0.0,0.0
Q08307,0.0,0.15792,0.15792,0.0,0.0,0.0,0.0,0.0,0.0,0.0,0.0,0.0,0.0781,0.09893,0.0,0.02509,0.0,0.0,0.0,0.0,0.0,0.0,0.0,0.0,0.0,0.0,0.0
Q08655,0.0,0.0,0.0,0.0,0.0,0.0,0.0,0.0,0.0,0.0,0.0,0.0,0.33792,1.18092,0.0,0.0,0.0,0.0,0.0,0.0,0.0,0.0,0.0,0.0,0.0,0.0,0.0
Q0ZPA3,0.0,0.0,0.0,0.0,0.0,0.0,0.11151,0.0,0.0,0.0,0.0,0.0,0.1044,0.0,0.0,0.15079,0.12868,0.0,0.0,0.0,0.0,0.0,0.0,0.0,0.0,0.0,0.0
Q2MI87,0.2599,0.46257,0.46257,0.0,0.0,0.0,0.12396,0.0,0.0,0.0,0.0,0.0,0.08292,0.0,0.0,0.08955,0.0,0.0,0.88617,0.88617,0.88617,0.0,0.0,0.0,0.0,0.0,0.0
Q2MI93,1.20695,1.56246,1.56246,0.0,0.0,0.63118,1.68472,0.0,1.82296,0.33086,0.0,0.0,0.51441,0.34171,2.22913,1.73856,0.66938,0.0,3.08873,3.08873,3.08873,1.35406,1.21654,1.07903,0.0,0.0,0.0
Q2MIA5,0.0,0.0,0.0,0.0,0.0,0.0,0.0,0.0,0.0,0.0,0.0,0.0,0.0,0.0,0.0,0.0,0.0,0.0,0.78771,0.78771,0.78771,0.0,0.0,0.0,0.0,0.0,0.0
Q2MIB5,0.4857,1.44598,1.44598,0.0,0.0,1.04415,0.61789,0.0,2.85143,1.11292,0.0,0.0,0.35218,0.41048,0.0,0.61125,0.60144,0.0,1.64965,1.64965,1.64965,1.09528,1.20037,1.30545,0.0,0.0,0.0
Q38JD4,0.0,0.0,0.0,0.0,0.0,0.0,1.03476,0.0,0.0,0.0,0.0,0.0,0.92823,0.0,0.0,0.83503,0.88919,0.0,0.0,0.0,0.0,0.0,0.41392,0.82784,0.0,0.0,0.0
Q38MV0,0.32813,0.0,0.0,0.0,0.0,0.0,0.0,0.0,0.0,0.0,0.0,0.0,0.0,0.0,0.0,0.0,0.0,0.0,0.33629,0.33629,0.33629,0.10521,0.0526,0.0,0.0,0.0,0.0
Q3C2L6,0.0,0.0,0.0,0.0,0.0,0.0,0.0,0.0,0.0,0.0,0.0,0.0,0.04457,0.0,0.0,0.0,0.0,0.0,0.0,0.0,0.0,0.0,0.0,0.0,0.0,0.0,0.0
Q3I5C4,0.0,0.34833,0.34833,0.0,0.0,0.0,0.0,0.0,0.0,0.0,0.0,0.0,0.25178,0.35153,0.0,0.14435,0.0,0.0,0.0,0.0,0.0,0.0,0.0,0.0,0.0,0.0,0.0
Q3SC85,0.69038,0.40209,0.40209,0.0,0.0,0.0,0.27999,0.0,0.0,0.0,0.0,0.0,0.07208,0.0,0.0,0.04132,0.0,0.0,0.0,0.0,0.0,0.27725,0.13862,0.0,0.0,0.0,0.0
Q40129,0.72287,0.0,0.0,0.0,0.0,0.0,0.61071,0.0,0.0,0.0,0.0,0.0,0.2562,0.0,0.0,0.14688,0.51418,0.0,1.4103,1.4103,1.4103,0.0,0.0,0.0,0.0,0.0,0.0
Q40144,0.0,0.0,0.0,0.0,0.0,0.0,0.50446,0.0,0.0,0.0,0.0,0.0,0.0,0.0,0.0,0.24887,0.0,0.0,0.50595,0.50595,0.50595,0.0,0.0,0.0,0.0,0.0,0.0
Q41328,0.0,0.0,0.0,0.0,0.0,0.0,0.0,0.0,0.0,0.0,0.0,0.0,0.0,0.0,0.0,0.05387,0.0,0.0,0.0,0.0,0.0,0.0,0.0,0.0,0.0,0.0,0.0
Q41350,0.45971,1.80327,1.80327,0.0,0.0,1.82551,0.0,0.0,0.0,0.79924,0.0,0.0,1.16717,1.98644,0.0,0.32588,0.63734,0.0,0.70894,0.70894,0.70894,0.54693,0.96157,1.37621,0.0,0.0,0.0
Q42872,0.0,0.0,0.0,0.0,0.0,0.0,0.26371,0.0,0.0,0.0,0.0,0.0,0.2317,0.0,0.0,0.08403,0.13531,0.0,0.0,0.0,0.0,0.0,0.0,0.0,0.0,0.0,0.0
Q42896,0.0,0.58242,0.58242,0.0,0.0,0.0,0.0,0.0,0.0,0.73908,0.0,0.0,0.1044,0.0,0.0,0.07919,0.12868,0.0,1.0422,1.0422,1.0422,0.17488,0.08744,0.0,0.0,0.0,0.0
Q52QQ4,0.0,0.0,0.0,0.0,0.0,0.0,0.0,0.0,0.0,0.0,0.0,0.0,0.1799,0.0,0.0,0.07689,0.0,0.0,0.0,0.0,0.0,0.0,0.0,0.0,0.0,0.0,0.0
Q5NE17,0.0,0.0,0.0,0.0,0.0,0.0,0.12396,0.0,0.0,0.0,0.0,0.0,0.052,0.0,0.0,0.05387,0.0,0.0,0.0,0.0,0.0,0.12275,0.06137,0.0,0.0,0.0,0.0
Q5NE18,0.22579,0.22624,0.22624,0.0,0.0,0.47397,0.09668,0.0,0.0,0.0,0.0,0.0,0.21865,0.14173,0.0,0.489,0.11156,0.0,0.30599,0.30599,0.30599,0.15071,0.35661,0.56251,0.0,0.0,0.0
Q5NE21,0.0,0.0,0.0,0.0,0.0,0.64292,0.13114,0.0,0.0,0.0,0.0,0.0,0.05501,0.0,0.0,0.07183,0.0,0.0,0.0,0.0,0.0,0.20758,0.10379,0.0,0.0,0.0,0.0
Q5QJB4,0.0,0.0,0.0,0.0,0.0,0.0,0.37236,0.0,0.0,0.0,0.0,0.0,0.0,0.0,0.0,0.63243,0.29823,0.0,0.0,0.0,0.0,0.15829,0.07914,0.0,0.0,0.0,0.0
Q672Q7,0.0,0.0,0.0,0.0,0.0,0.0,0.0,0.0,0.0,0.0,0.0,0.0,0.0,0.0,0.0,0.06734,0.0,0.0,0.0,0.0,0.0,0.0,0.0,0.0,0.0,0.0,0.0
Q6E4P5,0.0,0.0,0.0,0.0,0.0,0.0,0.0,0.0,0.0,0.0,0.0,0.0,0.0,0.0,0.0,0.03706,0.0,0.0,0.0,0.0,0.0,0.0,0.0,0.0,0.0,0.0,0.0
Q6IV07,0.0,0.23744,0.23744,0.0,0.0,0.0,0.0,0.0,0.0,0.0,0.0,0.0,0.04256,0.0,0.0,0.0,0.0,0.0,0.32114,0.32114,0.32114,0.0,0.0,0.0,0.0,0.0,0.0
Q6QLU0,0.0,0.34833,0.34833,0.0,0.0,0.72973,0.46329,0.0,1.51589,0.0,0.0,0.0,0.19436,0.67922,0.0,0.22504,0.27669,0.0,0.0,0.0,0.0,0.45877,0.50445,0.55013,0.0,0.0,0.0
Q6SKP4,0.0,0.0,0.0,0.0,0.0,0.0,0.04259,0.0,0.0,0.0,0.0,0.0,0.0,0.0,0.0,0.0,0.0,0.0,0.0,0.0,0.0,0.0,0.0,0.0,0.0,0.0,0.0
Q6T2D2,0.0,0.37409,0.37409,0.0,0.0,0.0,0.0,0.0,0.0,0.0,0.0,0.0,0.06706,0.23435,0.0,0.12132,0.42968,0.0,0.0,0.0,0.0,0.0,0.0,0.0,0.0,0.0,0.0
Q7M222,0.25503,1.04276,1.04276,0.0,0.0,0.0,0.0,0.0,0.0,0.0,0.0,0.0,0.18693,0.65325,0.0,0.0,0.0,0.0,0.0,0.0,0.0,0.0,0.0,0.0,0.0,0.0,0.0
Q7Y240,0.0,0.0,0.0,0.0,0.0,0.0,0.0,0.0,0.0,0.0,0.0,0.0,0.0,0.0,0.0,0.07689,0.0,0.0,0.0,0.0,0.0,0.0,0.0,0.0,0.0,0.0,0.0
Q84T86,0.0,0.0,0.0,0.0,0.0,0.0,0.0,0.0,0.0,0.0,0.0,0.0,0.0,0.0,0.0,0.0191,0.0,0.0,0.0,0.0,0.0,0.0,0.0,0.0,0.0,0.0,0.0
Q8GT30,0.0,0.0,0.0,0.0,0.0,0.0,0.0,0.0,0.0,0.0,0.0,0.0,0.10842,0.0,0.0,0.08955,0.0,0.0,0.0,0.0,0.0,0.11422,0.05711,0.0,0.0,0.0,0.0
Q8GZD8,0.24366,0.0,0.0,0.0,0.0,0.0,0.29051,0.0,0.0,0.0,0.0,0.0,0.19436,0.0,0.0,0.30171,0.27669,0.0,0.47111,0.47111,0.47111,0.28768,0.4189,0.55013,0.0,0.0,0.0
Q8GZR6,0.0,0.0,0.0,0.0,0.0,0.0,0.0,0.0,0.0,0.0,0.0,0.0,0.01867,0.0,0.0,0.0,0.0,0.0,0.0,0.0,0.0,0.0,0.0,0.0,0.0,0.0,0.0
Q8H6B5,0.0,0.0,0.0,0.0,0.0,0.0,0.0,0.0,0.0,0.0,0.0,0.0,0.0,0.0,0.0,0.02325,0.0,0.0,0.0,0.0,0.0,0.0,0.0,0.0,0.0,0.0,0.0
Q8S4R4,0.0,0.0,0.0,0.0,0.0,0.0,0.0,0.0,0.0,0.0,0.0,0.0,0.0,0.0,0.0,0.05767,0.0,0.0,0.0,0.0,0.0,0.0,0.0,0.0,0.0,0.0,0.0
Q8SA58,0.0,0.0,0.0,0.0,0.0,0.0,0.0,0.0,0.0,0.0,0.0,0.0,0.0,0.0,0.0,0.04247,0.0,0.0,0.0,0.0,0.0,0.0,0.0,0.0,0.0,0.0,0.0
Q93X44,0.0,0.0,0.0,0.0,0.0,0.0,0.0,0.0,0.0,0.0,0.0,0.0,0.0,0.0,0.0,0.05985,0.0,0.0,0.0,0.0,0.0,0.0,0.0,0.0,0.0,0.0,0.0
Q93YH0,0.0,0.0,0.0,0.0,0.0,0.0,0.0,0.0,0.0,0.0,0.0,0.0,0.06244,0.0,0.0,0.0,0.0,0.0,0.0,0.0,0.0,0.0,0.0,0.0,0.0,0.0,0.0
Q95661,0.0,0.0,0.0,0.0,0.0,0.0,0.0,0.0,0.0,0.0,0.0,0.0,0.07208,0.0,0.0,0.0,0.0,0.0,0.0,0.0,0.0,0.0,0.0,0.0,0.0,0.0,0.0
Q96489,0.0,0.0,0.0,0.0,0.0,0.0,0.0,0.0,0.0,0.0,0.0,0.0,0.0,0.0,0.0,0.0,0.51418,0.0,0.0,0.0,0.0,0.0,0.0,0.0,0.0,0.0,0.0
Q9AXQ3,1.08512,0.97892,0.97892,0.0,0.0,4.33619,1.2018,10.13803,2.5346,0.0,0.0,11.77536,0.50417,2.33587,0.0,0.15079,1.02063,13.076,1.32396,1.32396,1.32396,0.41422,0.20711,0.0,37.437,0.0,0.0
Q9AXQ5,0.0,0.58242,0.58242,0.0,0.0,3.07381,0.24888,0.0,0.0,0.0,0.0,0.0,0.26303,1.29669,0.0,0.1006,0.7235,7.77977,0.78771,0.78771,0.78771,0.24645,0.12323,0.0,0.0,0.0,0.0
Q9LEG3,0.0,0.43569,0.43569,0.0,0.0,0.0,0.0,0.0,0.0,0.0,0.0,0.0,0.0,0.0,0.0,0.04477,0.0,0.0,2.54945,2.54945,2.54945,0.18436,0.09218,0.0,0.0,0.0,0.0
Q9LEG5,0.0,0.0,0.0,0.0,0.0,0.0,0.0,0.0,0.0,0.0,0.0,0.0,0.0,0.0,0.0,0.04132,0.0,0.0,0.0,0.0,0.0,0.0,0.0,0.0,0.0,0.0,0.0
Q9M5A8,0.0,0.32705,0.32705,0.0,0.0,1.09812,0.31971,0.0,2.28114,2.011,0.0,0.0,0.13412,0.6287,0.0,0.16668,1.19405,0.0,0.70894,0.70894,0.70894,0.42465,0.80314,1.18163,0.0,0.0,0.0
Q9SDZ6,0.0,0.0,0.0,0.0,0.0,0.0,0.0,0.0,0.0,0.0,0.0,0.0,0.0,0.0,0.0,0.0,0.0,0.0,0.0,0.0,0.0,0.04123,0.02062,0.0,0.0,0.0,0.0
Q9XEX8,0.13645,0.30689,0.30689,0.0,0.0,0.0,0.13114,0.0,0.0,0.32657,0.0,0.0,0.21464,1.14864,3.55106,0.09588,1.09133,9.33572,0.41506,0.41506,0.41506,0.0,0.24234,0.48468,0.0,0.0,0.0
Q9XEX9,0.0,0.0,0.0,0.0,0.0,0.0,0.0,0.0,0.0,0.0,0.0,0.0,0.0,0.27295,0.0,0.0,0.0,0.0,0.0,0.0,0.0,0.0,0.0,0.0,0.0,0.0,0.0
Q9ZP31,0.0,0.0,0.0,0.0,0.0,0.0,0.55232,0.0,0.0,0.0,0.0,0.0,0.0,0.0,0.0,0.0,0.0,0.0,0.0,0.0,0.0,0.0,0.0,0.0,0.0,0.0,0.0
Q9ZS44,0.0,0.0,0.0,0.0,0.0,0.0,0.0,0.0,0.0,0.0,0.0,0.0,0.0,0.0,0.0,0.0,0.0,0.0,0.0,0.0,0.0,0.05782,0.02891,0.0,0.0,0.0,0.0
Q9ZS45,0.0,0.0,0.0,0.0,0.0,0.0,0.0,0.0,0.0,0.0,0.0,0.0,0.05501,0.0,0.0,0.03154,0.0,0.0,0.0,0.0,0.0,0.0,0.0,0.0,0.0,0.0,0.0
